2019/01,영화명,개봉일,매출액,매출액점유율,누적매출액,관객수,누적관객수,스크린수,상영횟수,,2020/01,영화명,개봉,매출액,매출액점유율,누적매출액,관객수,누적관객수,스크린수,상영횟수
1,극한직업,2019-01-23,"40,034,435,340",26.50%,"40,034,435,340","4,810,447","4,810,447","1,978","83,651",,1,남산의 부장들,2020-01-22,"33,670,891,220",23.40%,"33,670,891,220","3,874,419","3,874,419","1,659","80,854"
2,말모이,2019-01-09,"22,614,488,463",15.00%,"22,918,995,463","2,684,531","2,738,107","1,203","82,893",,2,백두산,2019-12-19,"16,891,094,350",11.80%,"69,796,884,120","1,958,389","8,248,891","1,241","73,893"
3,내안의 그놈,2019-01-09,"16,207,111,957",10.70%,"16,325,647,957","1,890,041","1,905,212","1,041","61,139",,3,히트맨,2020-01-22,"16,122,374,840",11.20%,"16,122,374,840","1,874,016","1,874,016","1,122","48,942"
4,주먹왕 랄프 2: 인터넷 속으로,2019-01-03,"13,825,145,903",9.10%,"13,867,540,903","1,747,568","1,752,084","1,453","56,009",,4,닥터 두리틀,2020-01-08,"13,395,322,970",9.30%,"13,395,322,970","1,598,856","1,598,856","1,290","67,658"
5,아쿠아맨,2018-12-19,"13,651,894,323",9.00%,"44,106,186,704","1,545,425","5,037,282","1,158","50,463",,5,해치지않아,2020-01-15,"9,966,878,950",6.90%,"10,095,111,950","1,186,777","1,201,814","1,216","50,490"
6,보헤미안 랩소디,2018-10-31,"6,065,048,600",4.00%,"86,075,488,945","698,174","9,922,756",732,"26,704",,6,천문: 하늘에 묻는다,2019-12-26,"8,678,111,110",6.00%,"16,486,354,060","1,029,221","1,994,845",929,"43,039"
7,PMC: 더 벙커,2018-12-26,"4,313,955,557",2.90%,"14,018,202,924","491,528","1,670,559",893,"23,084",,7,미드웨이,2019-12-31,"7,102,189,070",4.90%,"8,187,848,590","818,269","951,642",842,"32,438"
8,글래스,2019-01-17,"4,255,172,182",2.80%,"4,255,172,182","464,015","464,015",837,"24,095",,8,시동,2019-12-18,"6,853,925,560",4.80%,"28,090,403,360","789,954","3,315,940",825,"34,718"
9,극장판 공룡메카드: 타이니소어의 섬,2019-01-10,"3,125,150,820",2.10%,"3,126,428,820","408,088","408,230",763,"14,970",,9,미스터 주: 사라진 VIP,2020-01-22,"4,675,193,020",3.30%,"4,681,685,020","555,022","555,962",692,"22,398"
10,범블비,2018-12-25,"3,326,629,455",2.20%,"13,082,713,207","393,524","1,560,674",766,"18,196",,10,나쁜 녀석들: 포에버,2020-01-15,"4,785,334,880",3.30%,"4,785,514,880","535,007","535,037",896,"28,775"
합계,,,"127,419,032,600",84.30%,"257,810,812,445","15,133,341","30,269,366","10,824","441,204",,합계,,,"122,141,315,970",84.90%,"205,312,391,010","14,219,930","24,151,422","10,712","483,205"
,,,,,,,,,,,,,,,,,,,,
2019/02,영화명,개봉,매출액,매출액점유율,누적매출액,관객수,누적관객수,스크린수,상영횟수,,2020/02,영화명,개봉,매출액,매출액점유율,누적매출액,관객수,누적관객수,스크린수,상영횟수
1,극한직업,2019-01-23,"94,726,658,836",49.90%,"134,761,094,176","10,889,036","15,699,483","2,003","184,495",,1,정직한 후보,2020-02-12,"11,936,890,440",19.20%,"12,006,292,440","1,416,455","1,426,367","1,187","69,719"
2,알리타: 배틀 엔젤,2019-02-05,"18,263,221,427",9.60%,"18,305,323,427","1,919,140","1,921,657","1,043","51,345",,2,클로젯,2020-02-05,"10,867,367,940",17.40%,"10,918,537,940","1,259,078","1,264,943","1,197","70,487"
3,증인,2019-02-13,"15,050,081,461",7.90%,"15,214,994,861","1,897,798","1,915,745","1,047","57,161",,3,남산의 부장들,2020-01-22,"7,546,800,910",12.10%,"41,217,692,130","874,962","4,749,381","1,384","58,965"
4,사바하,2019-02-20,"13,654,236,493",7.20%,"13,659,561,493","1,676,656","1,677,383","1,174","46,768",,4,작은 아씨들,2020-02-12,"6,414,954,370",10.30%,"6,440,663,370","762,324","765,451","1,105","43,682"
5,뺑반,2019-01-30,"12,585,698,408",6.60%,"15,218,842,848","1,435,542","1,826,274","1,134","36,854",,5,히트맨,2020-01-22,"4,483,213,560",7.20%,"20,605,588,400","531,258","2,405,274","1,081","38,724"
6,드래곤 길들이기 3,2019-01-30,"10,541,654,246",5.50%,"12,007,765,356","1,261,772","1,464,741",971,"34,053",,6,지푸라기라도 잡고 싶은 짐승들,2020-02-19,"4,209,685,480",6.80%,"4,213,141,480","487,038","487,470",996,"40,193"
7,극장판 헬로카봇: 옴파로스 섬의 비밀,2019-01-31,"4,090,382,030",2.20%,"4,463,293,550","521,145","572,272",752,"14,075",,7,1917,2020-02-19,"3,710,878,340",6.00%,"3,710,878,340","405,627","405,627",932,"32,157"
8,해피 데스데이 2 유,2019-02-14,"3,387,451,390",1.80%,"3,387,451,390","406,611","406,611",657,"17,887",,8,버즈 오브 프레이(할리 퀸의 황홀한 해방),2020-02-05,"3,540,576,390",5.70%,"3,549,936,390","400,454","401,078",963,"38,128"
9,기묘한 가족,2019-02-13,"2,056,647,135",1.10%,"2,113,049,135","255,481","262,601",625,"15,244",,9,기생충,2019-05-30,"1,243,595,950",2.00%,"87,224,932,275","185,979","10,283,766",180,"5,802"
10,메리 포핀스 리턴즈,2019-02-14,"1,740,539,810",0.90%,"1,740,539,810","214,668","214,668",573,"10,565",,10,인비저블맨,2020-02-26,"973,792,480",1.60%,"973,792,480","115,873","115,873",776,"10,142"
합계,,,"176,096,571,236",92.70%,"220,871,916,046","20,477,849","25,961,435","9,979","468,447",,합계,,,"54,927,755,860",88.30%,"190,861,455,245","6,439,048","22,305,230","9,801","407,999"
,,,,,,,,,,,,,,,,,,,,
2019/03,영화명,개봉,매출액,매출액점유율,누적매출액,관객수,누적관객수,스크린수,상영횟수,,2020/03,영화명,개봉,매출액,매출액점유율,누적매출액,관객수,누적관객수,스크린수,상영횟수
1,캡틴 마블,2019-03-06,"49,274,732,243",38.90%,"49,274,732,243","5,540,951","5,540,951","2,100","170,911",,1,인비저블맨,2020-02-26,"3,757,477,580",24.80%,"4,731,270,060","427,136","543,009",744,"46,385"
2,돈,2019-03-20,"22,794,215,062",18.00%,"22,794,215,062","2,669,637","2,669,637","1,431","73,893",,2,1917,2020-02-19,"2,807,437,120",18.50%,"6,518,315,460","309,300","714,927",633,"37,390"
3,항거:유관순 이야기,2019-02-27,"8,008,949,571",6.30%,"9,236,565,601","963,678","1,148,654","1,094","39,992",,3,지푸라기라도 잡고 싶은 짐승들,2020-02-19,"1,169,920,910",7.70%,"5,383,062,390","132,928","620,398",646,"23,976"
4,어스,2019-03-27,"7,899,543,905",6.20%,"7,899,543,905","936,427","936,427","1,132","25,435",,4,다크 워터스,2020-03-11,"1,054,870,840",7.00%,"1,060,132,840","122,229","122,880",575,"20,265"
5,사바하,2019-02-20,"6,342,880,401",5.00%,"20,002,441,894","720,218","2,397,601",955,"31,266",,5,정직한 후보,2020-02-12,"798,583,550",5.30%,"12,804,875,990","104,643","1,531,010",537,"18,106"
6,증인,2019-02-13,"5,255,004,170",4.20%,"20,469,999,031","617,129","2,532,874",974,"32,127",,6,작은 아씨들,2020-02-12,"767,500,240",5.10%,"7,208,163,610","89,750","855,201",456,"14,451"
7,이스케이프 룸,2019-03-14,"4,998,476,284",3.90%,"4,998,476,284","561,812","561,812",850,"29,072",,7,주디,2020-03-25,"391,349,420",2.60%,"412,810,720","48,923","51,613",479,"8,130"
8,극한직업,2019-01-23,"4,864,499,800",3.80%,"139,625,593,976","561,526","16,261,009",728,"24,283",,8,젠틀맨,2020-02-26,"338,866,070",2.20%,"660,877,510","39,087","80,931",466,"8,375"
9,악질경찰,2019-03-20,"2,195,245,798",1.70%,"2,195,245,798","254,449","254,449",833,"21,783",,9,해리포터와 아즈카반의 죄수,2004-07-16,"302,975,000",2.00%,"11,455,857,500","32,416","1,833,384",45,"2,421"
10,덤보,2019-03-27,"1,716,968,252",1.40%,"1,716,968,252","212,836","212,836",797,"8,836",,10,스타 이즈 본,2018-10-09,"163,084,140",1.10%,"4,427,414,200","32,281","524,138",246,"4,460"
합계,,,"113,350,515,486",89.40%,"278,213,782,046","13,038,663","32,516,250","10,894","457,598",,합계,,,"11,552,064,870",76.30%,"54,662,780,280","1,338,693","6,877,491","4,827.00","183,959"
,,,,,,,,,,,,,,,,,,,,
2019/04,영화명,개봉,매출액,매출액점유율,누적매출액,관객수,누적관객수,스크린수,상영횟수,,2020/04,영화명,개봉,매출액,매출액점유율,누적매출액,관객수,누적관객수,스크린수,상영횟수
1,어벤져스: 엔드게임,2019-04-24,"63,195,995,530",55.80%,"63,195,995,530","7,330,965","7,330,965","2,835","89,142",,1,1917,2020-02-19,"951,525,200",12.70%,"7,469,840,660","110,312","825,239",364,"15,703"
2,생일,2019-04-03,"9,690,929,930",8.60%,"9,784,116,930","1,172,860","1,183,271",878,"70,729",,2,라라랜드,2016-12-07,"417,290,260",5.60%,"30,655,876,408","76,145","3,703,053",387,"10,323"
3,돈,2019-03-20,"6,075,214,400",5.40%,"28,869,429,462","719,375","3,389,012","1,082","46,912",,3,엽문4: 더 파이널,2020-04-01,"624,512,300",8.30%,"624,512,300","72,155","72,155",206,"10,234"
4,샤잠!,2019-04-03,"5,730,673,797",5.10%,"5,743,398,797","656,492","657,294","1,148","45,001",,4,주디,2020-03-25,"339,682,940",4.50%,"752,493,660","39,820","91,433",352,"8,892"
5,어스,2019-03-27,"4,683,135,199",4.10%,"12,582,679,104","537,856","1,474,283","1,028","33,073",,5,서치 아웃,2020-04-15,"293,477,940",3.90%,"293,477,940","33,705","33,705",355,"7,592"
6,헬보이,2019-04-10,"2,768,199,171",2.40%,"2,768,199,171","322,074","322,074",726,"26,479",,6,인비저블맨,2020-02-26,"278,503,700",3.70%,"5,009,773,760","31,168","574,177",296,"6,383"
7,뽀로로 극장판 보물섬 대모험,2019-04-25,"2,290,926,600",2.00%,"2,290,926,600","295,338","295,338",736,"6,815",,7,오픈 더 도어,2020-04-08,"279,798,900",3.70%,"279,798,900","30,982","30,982",184,"5,631"
8,미성년,2019-04-11,"2,413,414,360",2.10%,"2,413,414,360","283,312","283,312",673,"26,708",,8,건즈 아킴보,2020-04-15,"243,963,000",3.20%,"243,963,000","27,842","27,842",181,"4,376"
9,장난스런 키스,2019-03-27,"2,101,191,292",1.90%,"3,475,196,960","252,421","425,360",503,"14,274",,9,트롤: 월드 투어,2020-04-29,"190,424,060",2.50%,"190,424,060","26,232","26,232",228,"1,237"
10,캡틴 마블,2019-03-06,"2,098,414,500",1.90%,"51,373,146,743","246,081","5,787,032",562,"14,245",,10,n번째 이별 중,2020-04-01,"224,523,800",3.00%,"225,227,800","24,826","24,890",171,"5,430"
합계,,,"101,048,094,779",89.30%,"182,496,503,657","11,816,774","21,147,941","10,171","373,378",,합계,,,"3,843,702,100",51.10%,"45,745,388,488","473,187","5,409,708","2,724.00","75,801"
,,,,,,,,,,,,,,,,,,,,
2019/05,영화명,개봉,매출액,매출액점유율,누적매출액,관객수,누적관객수,스크린수,상영횟수,,2020/05,영화명,개봉,매출액,매출액점유율,누적매출액,관객수,누적관객수,스크린수,상영횟수
1,어벤져스: 엔드게임,2019-04-24,"57,932,904,330",37.50%,"121,128,899,860","6,487,708","13,818,673","2,508","149,649",,1,프리즌 이스케이프,2020-05-06,"1,473,137,400",11.90%,"1,473,137,400","171,325","171,325",547,"21,227"
2,악인전,2019-05-15,"27,425,543,890",17.70%,"27,427,791,890","3,167,747","3,168,028","1,307","88,407",,2,트롤: 월드 투어,2020-04-29,"948,236,420",7.70%,"1,138,660,480","121,988","148,220",344,"13,528"
3,걸캅스,2019-05-09,"13,640,784,414",8.80%,"13,675,656,414","1,606,656","1,610,582",973,"61,985",,3,위대한 쇼맨,2017-12-20,"692,355,200",5.60%,"12,206,272,700","111,446","1,514,465",598,"11,980"
4,알라딘,2019-05-23,"12,805,016,045",8.30%,"12,805,016,045","1,536,234","1,536,234","1,311","38,412",,4,패왕별희 디 오리지널,2017-03-30,"778,005,520",6.30%,"815,827,920","86,688","90,898",409,"10,229"
5,나의 특별한 형제,2019-05-01,"11,782,578,874",7.60%,"12,029,147,374","1,433,777","1,470,120",936,"49,620",,5,레이니 데이 인 뉴욕,2020-05-06,"767,886,540",6.20%,"770,069,040","86,574","86,869",563,"15,663"
6,기생충,2019-05-30,"10,571,543,475",6.80%,"10,571,543,475","1,245,780","1,245,780","1,826","17,110",,6,저 산 너머,2020-04-30,"625,695,960",5.00%,"765,444,420","80,160","102,589",468,"11,943"
7,명탐정 피카츄,2019-05-09,"5,709,927,366",3.70%,"5,709,927,366","684,224","684,224",817,"25,692",,7,나의 청춘은 너의 것,2020-04-29,"563,027,820",4.50%,"713,593,520","64,725","84,290",533,"10,787"
8,뽀로로 극장판 보물섬 대모험,2019-04-25,"3,561,899,540",2.30%,"5,852,826,140","466,328","761,666",797,"13,013",,8,더 플랫폼,2020-05-13,"565,434,000",4.60%,"566,334,000","61,679","61,779",228,"8,549"
9,배심원들,2019-05-15,"2,244,031,790",1.50%,"2,247,707,790","280,248","280,714",784,"19,956",,9,언더워터,2020-05-27,"488,702,980",3.90%,"488,702,980","58,251","58,251",594,"7,289"
10,어린 의뢰인,2019-05-22,"1,516,625,340",1.00%,"1,559,640,340","183,750","188,548",671,"16,344",,10,호텔 레이크,2020-04-29,"461,235,300",3.70%,"592,156,200","53,079","70,011",465,"8,163"
합계,,,"147,190,855,064",95.20%,"213,008,156,694","17,092,452","24,764,569","11,930","480,188",,합계,,,"7,363,717,140",59.40%,"19,530,198,660","895,915","2,388,697","4,749","119,358"
,,,,,,,,,,,,,,,,,,,,
2019/06,영화명,개봉,매출액,매출액점유율,누적매출액,관객수,누적관객수,스크린수,상영횟수,,2020/06,영화명,개봉,매출액,매출액점유율,누적매출액,관객수,누적관객수,스크린수,상영횟수
1,기생충,2019-05-30,"71,290,527,710",36.50%,"81,862,071,185","8,332,201","9,577,981","1,948","157,452",,1,#살아있다,2020-06-24,"9,956,085,460",30.40%,"9,956,085,460","1,194,944","1,194,944","1,882","54,921"
2,알라딘,2019-05-23,"57,801,426,294",29.60%,"70,606,442,339","6,735,563","8,271,797","1,409","124,949",,2,결백,2020-06-10,"6,580,293,840",20.10%,"6,581,823,840","742,746","742,916","1,112","57,398"
3,토이 스토리 4,2019-06-20,"19,256,145,350",9.90%,"19,256,145,350","2,251,096","2,251,096","1,336","51,040",,3,침입자,2020-06-04,"4,794,984,080",14.60%,"4,799,281,080","529,826","530,659","1,365","53,292"
4,롱 리브 더 킹: 목포 영웅,2019-06-19,"8,679,242,160",4.40%,"8,689,778,160","1,022,790","1,024,456",965,"34,107",,4,온워드: 단 하루의 기적,2020-06-17,"2,578,561,080",7.90%,"2,579,233,080","296,824","296,920","1,138","32,205"
5,엑스맨: 다크 피닉스,2019-06-05,"7,644,198,640",3.90%,"7,644,198,640","862,203","862,203",991,"29,383",,5,사라진 시간,2020-06-18,"1,639,621,740",5.00%,"1,640,899,740","184,257","184,399",874,"20,396"
6,맨 인 블랙: 인터내셔널,2019-06-12,"7,406,282,720",3.80%,"7,406,282,720","843,703","843,703","1,151","39,916",,6,위대한 쇼맨,2017-12-20,"1,055,978,200",3.20%,"13,262,250,900","171,109","1,685,574",519,"17,479"
7,존 윅 3: 파라벨룸,2019-06-26,"5,789,036,442",3.00%,"5,789,036,442","676,161","676,161",849,"15,167",,7,에어로너츠,2020-06-10,"671,561,240",2.00%,"671,691,240","76,691","76,717",534,"11,371"
8,애나벨 집으로,2019-06-26,"2,439,165,690",1.20%,"2,439,165,690","291,328","291,328",653,"9,095",,8,나의 첫 번째 슈퍼스타,2020-06-10,"465,903,360",1.40%,"466,351,360","52,376","52,440",462,"8,565"
9,고질라: 킹 오브 몬스터,2019-05-29,"1,818,964,903",0.90%,"3,074,785,318","200,066","357,902",610,"7,714",,9,언더워터,2020-05-27,"448,134,820",1.40%,"936,837,800","50,901","109,152",539,"10,962"
10,악인전,2019-05-15,"1,690,522,780",0.90%,"29,118,314,670","194,104","3,362,132",580,"8,845",,10,프리즌 이스케이프,2020-05-06,"374,700,200",1.10%,"1,847,837,600","45,673","216,998",406,"8,060"
합계,,,"183,815,512,689",94.10%,"235,886,220,514","21,409,215","27,518,759","10,492","477,668",,합계,,,"28,565,824,020",87.10%,"42,742,292,100","3,345,347","5,090,719","8,831","274,649"
,,,,,,,,,,,,,,,,,,,,
2019/07,영화명,개봉,매출액,매출액점유율,누적매출액,관객수,누적관객수,스크린수,상영횟수,,2020/07,영화명,개봉,매출액,매출액점유율,누적매출액,관객수,누적관객수,스크린수,상영횟수
1,스파이더맨: 파 프롬 홈,2019-07-02,"68,480,972,570",37.20%,"68,489,532,570","7,959,222","7,960,078","2,142","178,354",,1,반도,2020-07-15,"27,960,546,720",59.20%,"27,961,736,720","3,217,761","3,217,931","2,575","161,089"
2,라이온 킹,2019-07-17,"36,536,957,800",19.80%,"36,536,957,800","4,141,562","4,141,562","1,936","107,905",,2,#살아있다,2020-06-24,"5,979,662,060",12.70%,"15,935,747,520","702,431","1,897,375","1,508","81,832"
3,알라딘,2019-05-23,"31,048,388,180",16.90%,"101,654,830,519","3,664,262","11,936,059","1,030","86,044",,3,강철비2: 정상회담,2020-07-29,"3,907,630,360",8.30%,"3,907,630,360","515,077","515,077","2,137","27,722"
4,토이 스토리 4,2019-06-20,"9,347,251,180",5.10%,"28,603,396,530","1,128,553","3,379,649",872,"34,117",,4,밤쉘: 세상을 바꾼 폭탄선언,2020-07-08,"1,440,370,320",3.00%,"1,459,468,320","169,396","171,570",882,"26,570"
5,나랏말싸미,2019-07-24,"7,429,506,273",4.00%,"7,429,506,273","899,990","899,990","1,211","36,588",,5,결백,2020-06-10,"1,059,587,000",2.20%,"7,641,410,840","122,776","865,692",613,"16,904"
6,엑시트,2019-07-31,"3,474,485,190",1.90%,"3,474,485,190","529,215","529,215","1,323","7,015",,6,온워드: 단 하루의 기적,2020-06-17,"915,816,020",1.90%,"3,495,049,100","109,018","405,938",597,"12,662"
7,기생충,2019-05-30,"3,759,704,430",2.00%,"85,621,775,615","476,022","10,054,003",625,"17,072",,7,알라딘,2019-05-23,"672,330,480",1.40%,"107,655,950,839","100,215","12,656,109",549,"11,879"
8,사자,2019-07-31,"2,589,622,540",1.40%,"2,589,622,540","406,113","406,113","1,405","6,274",,8,소리꾼,2020-07-01,"628,229,980",1.30%,"654,798,980","77,774","80,872",573,"13,923"
9,레드슈즈,2019-07-25,"2,810,316,900",1.50%,"2,811,226,900","362,265","362,447",717,"8,702",,9,소년시절의 너,2020-07-09,"458,179,700",1.00%,"465,493,700","53,071","54,290",252,"6,218"
10,기방도령,2019-07-10,"2,303,518,190",1.30%,"2,305,988,190","283,797","284,044",625,"16,585",,10,다크 나이트,2008-08-06,"380,819,140",0.80%,"380,819,140","49,034","49,034",378,"4,429"
합계,,,"167,780,723,253",91.10%,"339,517,322,127","19,851,001","39,953,160","11,886","498,656",,합계,,,"43,403,171,780",91.80%,"169,558,105,519","5,116,553","19,913,888","10,064","363,228"
,,,,,,,,,,,,,,,,,,,,
2019/08,영화명,개봉,매출액,매출액점유율,누적매출액,관객수,누적관객수,스크린수,상영횟수,,2020/08,영화명,개봉,매출액,매출액점유율,누적매출액,관객수,누적관객수,스크린수,상영횟수
1,엑시트,2019-07-31,"70,494,628,112",33.70%,"73,969,113,302","8,272,014","8,801,229","1,660","164,170",,1,다만 악에서 구하소서,2020-08-05,"37,721,967,250",48.90%,"37,769,700,250","4,255,708","4,260,842","1,998","177,448"
2,봉오동 전투,2019-08-07,"39,646,596,178",19.00%,"39,720,968,178","4,669,447","4,677,484","1,476","100,115",,2,강철비2: 정상회담,2020-07-29,"10,720,576,350",13.90%,"14,628,206,710","1,265,426","1,780,503","2,133","78,587"
3,분노의 질주: 홉스&쇼,2019-08-14,"29,473,485,983",14.10%,"29,473,485,983","3,333,180","3,333,180","1,311","77,343",,3,오케이 마담,2020-08-12,"10,790,021,200",14.00%,"10,790,021,200","1,205,199","1,205,199","1,288","77,692"
4,변신,2019-08-21,"11,713,672,012",5.60%,"11,713,672,012","1,370,694","1,370,694",975,"36,204",,4,테넷,2020-08-26,"6,496,393,320",8.40%,"6,496,393,320","714,412","714,412","2,228","52,256"
5,사자,2019-07-31,"10,315,969,105",4.90%,"12,905,591,645","1,201,953","1,608,066","1,307","41,389",,5,반도,2020-07-15,"5,098,973,560",6.60%,"33,060,710,280","592,551","3,810,482","1,105","37,776"
6,마이펫의 이중생활 2,2019-07-31,"7,263,117,495",3.50%,"8,459,959,685","926,605","1,108,071",933,"27,782",,6,애니멀 크래커,2020-08-05,"1,023,705,340",1.30%,"1,025,703,340","129,006","129,228",473,"7,447"
7,라이온 킹,2019-07-17,"4,978,974,850",2.40%,"41,515,932,650","601,228","4,742,790",840,"18,568",,7,극장판 짱구는 못말려: 신혼여행 허리케인~ 사라진 아빠!,2020-08-20,"783,086,840",1.00%,"783,086,840","96,235","96,235",661,"9,025"
8,알라딘,2019-05-23,"5,138,704,120",2.50%,"106,793,534,639","598,501","12,534,560",702,"16,462",,8,알라딘,2019-05-23,"504,598,200",0.70%,"108,160,549,039","67,668","12,723,777",284,"3,824"
9,광대들: 풍문조작단,2019-08-21,"4,765,718,908",2.30%,"4,765,718,908","577,859","577,859",806,"24,510",,9,빅샤크3: 젤리몬스터 대소동,2020-07-29,"478,069,820",0.60%,"562,220,660","61,721","72,849",400,"4,285"
10,유열의 음악앨범,2019-08-28,"4,234,203,040",2.00%,"4,234,203,040","539,252","539,252","1,078","18,863",,10,더 프린세스 : 도둑맞은 공주,2020-08-12,"445,053,060",0.60%,"456,826,060","54,517","55,746",423,"4,163"
합계,,,"188,025,069,803",90.00%,"333,552,180,042","22,090,733","39,293,185","11,088","525,406",,합계,,,"74,062,444,940",96.00%,"213,733,417,699","8,442,443","24,849,273","10,993","452,503"
,,,,,,,,,,,,,,,,,,,,
2019/09,영화명,개봉,매출액,매출액점유율,누적매출액,관객수,누적관객수,스크린수,상영횟수,,2020/09,영화명,개봉,매출액,매출액점유율,누적매출액,관객수,누적관객수,스크린수,상영횟수
1,나쁜 녀석들: 더 무비,2019-09-11,"38,828,199,614",31.20%,"38,828,199,614","4,480,990","4,480,990","1,511","106,138",,1,테넷,2020-08-26,"9,440,034,190",36.30%,"15,936,427,510","1,020,972","1,735,384","2,018","94,525"
2,타짜: 원 아이드 잭,2019-09-11,"19,591,065,144",15.70%,"19,604,653,144","2,217,573","2,219,141","1,429","65,023",,2,오! 문희,2020-09-02,"2,610,538,660",10.00%,"2,614,514,660","325,574","326,142","1,110","51,398"
3,"힘을 내요, 미스터 리",2019-09-11,"9,806,144,806",7.90%,"9,848,799,806","1,162,399","1,168,283",990,"41,312",,3,뮬란,2020-09-17,"2,011,609,350",7.70%,"2,011,609,350","228,645","228,645","1,420","37,908"
4,장사리 : 잊혀진 영웅들,2019-09-25,"6,031,146,980",4.80%,"6,031,146,980","759,482","759,482","1,090","27,615",,4,국제수사,2020-09-29,"1,343,185,920",5.20%,"1,343,239,920","175,843","175,843","1,074","9,173"
5,유열의 음악앨범,2019-08-28,"5,993,306,500",4.80%,"10,227,509,540","705,455","1,244,707","1,032","40,686",,5,담보,2020-09-29,"1,290,710,760",5.00%,"1,290,710,760","165,849","165,849","1,036","8,497"
6,엑시트,2019-07-31,"5,172,950,860",4.20%,"79,142,064,162","611,213","9,412,442",800,"30,859",,6,검객,2020-09-23,"1,162,122,130",4.50%,"1,162,122,130","136,824","136,824",832,"15,808"
7,그것: 두 번째 이야기,2019-09-04,"5,105,369,387",4.10%,"5,109,914,387","590,772","591,075",999,"25,579",,7,디바,2020-09-23,"834,454,530",3.20%,"834,454,530","99,659","99,659",831,"17,856"
8,극장판 헬로카봇 : 달나라를 구해줘!,2019-09-04,"4,451,575,710",3.60%,"4,477,759,710","574,600","577,195",889,"20,015",,8,다만 악에서 구하소서,2020-08-05,"815,288,860",3.10%,"38,584,989,110","94,390","4,355,232",656,"16,266"
9,애드 아스트라,2019-09-19,"4,367,725,170",3.50%,"4,367,725,170","495,004","495,004",853,"26,411",,9,브레이크 더 사일런스: 더 무비,2020-09-24,"807,802,000",3.10%,"807,802,000","92,078","92,078",205,"5,909"
10,양자물리학,2019-09-25,"3,583,088,000",2.90%,"3,584,586,000","437,857","438,071",799,"16,623",,10,기기괴괴 성형수,2020-09-09,"791,939,200",3.00%,"793,514,200","89,162","89,337",276,"12,613"
합계,,,"102,930,572,171",82.70%,"181,222,358,513","12,035,345","21,386,390","10,392","400,261",,합계,,,"21,107,685,600",81.10%,"65,379,384,170","2,428,996","7,404,993","9,458","269,953"
,,,,,,,,,,,,,,,,,,,,
2019/10,영화명,개봉,매출액,매출액점유율,누적매출액,관객수,누적관객수,스크린수,상영횟수,,2020/10,영화명,개봉,매출액,매출액점유율,누적매출액,관객수,누적관객수,스크린수,상영횟수
1,조커,2019-10-02,"43,876,060,870",35.50%,"43,876,900,870","5,073,796","5,073,876","1,418","138,319",,1,담보,2020-09-29,"12,795,873,520",30.80%,"14,086,584,280","1,477,446","1,643,295","1,342","92,343"
2,가장 보통의 연애,2019-10-02,"24,279,582,190",19.60%,"24,343,068,690","2,844,628","2,851,978","1,073","106,368",,2,삼진그룹 영어토익반,2020-10-21,"6,793,494,880",16.40%,"6,793,494,880","785,395","785,395","1,615","63,416"
3,82년생 김지영,2019-10-23,"14,611,444,950",11.80%,"14,611,444,950","1,816,607","1,816,607","1,486","61,782",,3,소리도 없이,2020-10-15,"3,368,014,150",8.10%,"3,368,896,150","382,389","382,487","1,084","37,567"
4,말레피센트 2,2019-10-17,"10,495,996,730",8.50%,"10,495,996,730","1,240,833","1,240,833","1,108","53,795",,4,국제수사,2020-09-29,"3,138,898,840",7.60%,"4,482,138,760","359,075","534,918","1,074","31,902"
5,퍼펙트맨,2019-10-02,"9,560,443,910",7.70%,"10,267,656,930","1,138,216","1,233,344",894,"47,948",,5,그린랜드,2020-09-29,"2,265,512,630",5.50%,"2,762,958,520","258,780","323,064",779,"22,532"
6,터미네이터: 다크 페이트,2019-10-30,"3,011,115,550",2.40%,"3,011,115,550","429,142","429,142","1,305","10,513",,6,테넷,2020-08-26,"2,134,492,830",5.10%,"18,070,920,340","222,985","1,958,369",573,"15,513"
7,제미니 맨,2019-10-09,"3,284,266,130",2.70%,"3,284,266,130","385,780","385,780",845,"25,970",,7,미스터트롯: 더 무비,2020-10-22,"1,045,657,800",2.50%,"1,045,657,800","120,604","120,604",449,"11,118"
8,장사리 : 잊혀진 영웅들,2019-09-25,"2,913,829,570",2.40%,"8,944,976,550","371,620","1,131,102",997,"20,056",,8,언힌지드,2020-10-07,"1,007,645,720",2.40%,"1,008,527,720","116,531","116,629",676,"19,720"
9,두번할까요,2019-10-17,"1,424,234,620",1.20%,"1,432,230,620","171,665","172,747",658,"16,045",,9,"그대, 고맙소 : 김호중 생애 첫 팬미팅 무비",2020-09-29,"2,352,442,500",5.70%,"3,054,433,000","76,385","99,322",106,"4,138"
10,날씨의 아이,2019-10-30,"971,756,280",0.80%,"971,756,280","131,514","131,514",716,"5,693",,10,극장판 포켓몬스터 뮤츠의 역습 EVOLUTION,2020-09-30,"551,695,050",1.30%,"748,680,510","68,752","93,336",554,"6,393"
합계,,,"114,428,730,800",92.60%,"121,239,413,300","13,603,801","14,466,923","10,500","486,489",,합계,,,"35,453,727,920",85.40%,"55,422,291,960","3,868,342","6,057,419","8,252","304,642"
,,,,,,,,,,,,,,,,,,,,
2019/11,영화명,개봉,매출액,매출액점유율,누적매출액,관객수,누적관객수,스크린수,상영횟수,,2020/11,영화명,개봉,매출액,매출액점유율,누적매출액,관객수,누적관객수,스크린수,상영횟수
1,겨울왕국 2,2019-11-21,"63,285,894,030",40.70%,"63,285,894,030","7,603,953","7,603,953","2,648","128,577",,1,도굴,2020-11-04,"12,613,794,610",39.20%,"12,626,814,610","1,378,476","1,379,944","1,635","108,697"
2,블랙머니,2019-11-13,"18,268,274,790",11.80%,"18,387,112,290","2,164,566","2,178,552","1,141","63,480",,2,삼진그룹 영어토익반,2020-10-21,"7,081,575,260",22.00%,"13,875,070,140","773,080","1,558,475","1,588","72,884"
3,신의 한 수: 귀수편,2019-11-07,"18,287,884,230",11.80%,"18,360,705,230","2,132,929","2,143,602","1,246","81,207",,3,내가 죽던 날,2020-11-12,"2,104,862,880",6.50%,"2,104,862,880","229,425","229,425",909,"28,450"
4,터미네이터: 다크 페이트,2019-10-30,"17,068,709,880",11.00%,"20,079,825,430","1,970,995","2,400,137","1,315","70,514",,4,이웃사촌,2020-11-25,"1,880,560,860",5.80%,"1,880,560,860","220,936","220,936","1,363","24,785"
5,82년생 김지영,2019-10-23,"15,556,000,520",10.00%,"30,167,445,470","1,845,095","3,661,702","1,272","82,769",,5,런,2020-11-20,"1,831,297,990",5.70%,"1,831,297,990","198,339","198,339",799,"20,947"
6,날씨의 아이,2019-10-30,"4,379,622,990",2.80%,"5,351,379,270","516,642","648,156",621,"22,798",,6,담보,2020-09-29,"651,345,270",2.00%,"14,737,929,550","74,469","1,717,764",620,"9,302"
7,나를 찾아줘,2019-11-27,"2,758,357,280",1.80%,"2,758,357,280","356,815","356,815",875,"13,345",,7,노트북,2004-11-26,"364,973,240",1.10%,"4,620,519,440","41,060","649,612",144,"4,600"
8,아담스 패밀리,2019-11-07,"2,562,804,140",1.60%,"2,634,309,140","321,294","329,523",802,"11,178",,8,극장판 바이올렛 에버가든,2020-11-12,"345,469,070",1.10%,"345,469,070","40,458","40,458",131,"3,054"
9,말레피센트 2,2019-10-17,"1,694,638,960",1.10%,"12,190,635,690","204,043","1,444,876",578,"9,972",,9,프리키 데스데이,2020-11-25,"324,689,620",1.00%,"324,689,620","37,972","37,972",631,"8,679"
10,엔젤 해즈 폴른,2019-11-13,"1,471,137,922",0.90%,"1,471,137,922","180,099","180,099",601,"14,291",,10,테넷,2020-08-26,"314,162,390",1.00%,"18,385,082,730","32,539","1,990,908",135,"2,264"
합계,,,"145,333,324,742",93.50%,"174,686,801,752","17,296,431","20,947,415","11,099","498,131",,합계,,,"27,512,731,190",85.40%,"70,732,296,890","3,026,754","8,023,833","7,955","283,662"
,,,,,,,,,,,,,,,,,,,,
2019/12,영화명,개봉,매출액,매출액점유율,누적매출액,관객수,누적관객수,스크린수,상영횟수,,2020/12,영화명,개봉,매출액,매출액점유율,누적매출액,관객수,누적관객수,스크린수,상영횟수
1,백두산,2019-12-19,"52,905,789,770",28.30%,"52,905,789,770","6,290,502","6,290,502","1,971","99,915",,1,원더 우먼 1984,2020-12-23,"3,490,431,460",28.10%,"3,490,431,460","390,986","390,986","2,260","45,347"
2,겨울왕국 2,2019-11-21,"48,310,354,690",25.90%,"111,596,248,720","5,765,111","13,369,064","2,351","153,980",,2,이웃사촌,2020-11-25,"1,767,337,100",14.20%,"3,647,897,960","203,828","424,764","1,202","40,665"
3,시동,2019-12-18,"21,236,477,800",11.40%,"21,236,477,800","2,525,986","2,525,986","1,515","58,603",,3,조제,2020-12-10,"1,673,427,570",13.50%,"1,673,427,570","186,647","186,647","1,179","38,291"
4,포드 V 페라리,2019-12-04,"10,552,166,680",5.70%,"10,612,013,680","1,202,391","1,208,407",986,"40,143",,4,도굴,2020-11-04,"1,137,865,800",9.20%,"13,764,680,410","143,570","1,523,514",642,"24,577"
5,쥬만지: 넥스트 레벨,2019-12-11,"8,774,663,410",4.70%,"8,774,663,410","1,054,963","1,054,963","1,195","42,083",,5,런,2020-11-20,"729,142,610",5.90%,"2,560,440,600","80,479","278,818",597,"18,008"
6,천문: 하늘에 묻는다,2019-12-26,"7,808,242,950",4.20%,"7,808,242,950","965,624","965,624","1,198","25,734",,6,화양연화,2000-10-20,"310,831,200",2.50%,"399,980,700","35,676","48,014",444,"4,339"
7,캣츠,2019-12-24,"6,093,167,690",3.30%,"6,093,167,690","728,328","728,328","1,143","22,732",,7,더 프롬,2020-12-02,"213,920,730",1.70%,"213,920,730","24,635","24,635",662,"8,736"
8,신비아파트 극장판 하늘도깨비 대 요르문간드,2019-12-19,"5,299,942,440",2.80%,"5,299,942,440","672,122","672,122",841,"13,762",,8,파티마의 기적,2020-12-03,"127,982,100",1.00%,"132,647,100","15,901","16,562",162,"3,006"
9,나이브스 아웃,2019-12-04,"5,608,637,210",3.00%,"5,648,860,210","662,874","667,411",686,"24,181",,9,800,2020-12-10,"135,367,500",1.10%,"135,367,500","15,549","15,549",223,"3,738"
10,감쪽같은 그녀,2019-12-04,"3,377,511,790",1.80%,"3,594,862,790","436,205","469,296",761,"24,670",,10,극장판 바이올렛 에버가든,2020-11-12,"122,517,420",1.00%,"467,986,490","14,572","55,030",71,"2,009"
합계,,,"169,966,954,430",91.10%,"233,570,269,460","20,304,106","27,951,703","12,647","505,803",,합계,,,"9,708,823,490",78.20%,"26,486,780,520","1,111,843","2,964,519","7,442","188,716"
,,,,,,,,,,,,,,,,,,,,
2021/01,영화명,개봉,매출액,매출액점유율,누적매출액,관객수,누적관객수,스크린수,상영횟수,,,,,,,,,,,
1,소울,2021-01-20,"7,936,306,910",50.30%,"7,936,306,910","874,999","874,999","2,018","63,209",,,,,,,,,,,
2,극장판 귀멸의 칼날: 무한열차편,2021-01-27,"1,820,102,670",11.50%,"1,820,102,670","206,309","206,309",380,"5,816",,,,,,,,,,,
3,원더 우먼 1984,2020-12-23,"1,445,202,000",9.20%,"4,935,633,460","155,562","546,548","1,877","38,241",,,,,,,,,,,
4,화양연화,2000-10-20,"478,844,570",3.00%,"878,825,270","52,142","100,156",447,"12,472",,,,,,,,,,,
5,세자매,2021-01-27,"354,451,240",2.20%,"354,568,240","42,290","42,301",569,"5,876",,,,,,,,,,,
6,명탐정 코난: 진홍의 수학여행,2021-01-27,"316,132,440",2.00%,"316,132,440","38,131","38,131",532,"4,670",,,,,,,,,,,
7,조제,2020-12-10,"210,969,970",1.30%,"1,884,397,540","23,337","209,984",472,"6,316",,,,,,,,,,,
8,아이 엠 우먼,2021-01-14,"177,552,770",1.10%,"186,954,270","21,913","22,918",494,"6,010",,,,,,,,,,,
9,도굴,2020-11-04,"196,004,260",1.20%,"13,960,684,670","21,729","1,545,243",294,"5,027",,,,,,,,,,,
10,뱅가드,2020-12-30,"186,606,800",1.20%,"265,893,700","21,166","31,546",265,"4,777",,,,,,,,,,,
합계,,,"13,122,173,630",83.00%,"32,539,499,170","1,457,578","3,618,135","7,348","152,414",,,,,,,,,,,
,,,,,,,,,,,,,,,,,,,,
2021/02,영화명,개봉,매출액,매출액점유율,누적매출액,관객수,누적관객수,스크린수,상영횟수,,,,,,,,,,,
1,소울,2021-01-20,"9,474,663,770",33.00%,"17,410,970,680","1,005,634","1,880,633","1,439","79,149",,,,,,,,,,,
2,극장판 귀멸의 칼날: 무한열차편,2021-01-27,"6,743,706,680",23.50%,"8,563,809,350","686,798","893,107",900,"44,233",,,,,,,,,,,
3,미션 파서블,2021-02-17,"2,989,660,480",10.40%,"2,990,227,480","331,069","331,132",930,"30,022",,,,,,,,,,,
4,새해전야,2021-02-10,"1,552,542,580",5.40%,"1,552,885,580","168,156","168,205",906,"21,359",,,,,,,,,,,
5,몬스터 헌터,2021-02-10,"965,858,800",3.40%,"971,145,800","101,631","101,942",668,"13,264",,,,,,,,,,,
6,카오스 워킹,2021-02-24,"824,301,600",2.90%,"824,301,600","99,826","99,826",780,"11,173",,,,,,,,,,,
7,톰과 제리,2021-02-24,"767,589,210",2.70%,"767,589,210","91,333","91,333",918,"10,470",,,,,,,,,,,
8,어니스트 씨프,2021-02-03,"711,244,860",2.50%,"711,244,860","80,110","80,110",554,"11,012",,,,,,,,,,,
9,해리 포터와 불의 잔,2005-12-01,"590,584,500",2.10%,"22,054,745,400","63,960","3,494,935",49,"2,139",,,,,,,,,,,
10,세자매,2021-01-27,"334,261,000",1.20%,"688,829,240","38,850","81,151",490,"6,774",,,,,,,,,,,
합계,,,"24,954,413,480",87.10%,"56,535,749,200","2,667,367","7,222,374","7,634","229,595",,,,,,,,,,,
,,,,,,,,,,,,,,,,,,,,
2021/03,영화명,개봉,매출액,매출액점유율,누적매출액,관객수,누적관객수,스크린수,상영횟수,,,,,,,,,,,
1,미나리,2021-03-03,"7,604,837,970",25.20%,"7,614,253,970","842,174","843,183","1,162","78,530",,,,,,,,,,,
2,극장판 귀멸의 칼날: 무한열차편,2021-01-27,"5,965,023,230",19.80%,"14,528,832,580","620,165","1,513,272",758,"45,502",,,,,,,,,,,
3,고질라 VS. 콩,2021-03-25,"3,786,910,320",12.60%,"3,786,910,320","400,880","400,880","1,295","26,730",,,,,,,,,,,
4,라야와 마지막 드래곤,2021-03-04,"2,807,841,770",9.30%,"2,814,159,770","303,616","304,318","1,056","32,094",,,,,,,,,,,
5,소울,2021-01-20,"1,528,855,380",5.10%,"18,939,826,060","157,646","2,038,279",784,"17,075",,,,,,,,,,,
6,미션 파서블,2021-02-17,"1,061,223,720",3.50%,"4,051,451,200","113,447","444,579",778,"15,009",,,,,,,,,,,
7,더 박스,2021-03-24,"747,473,730",2.50%,"747,473,730","93,198","93,198",372,"3,113",,,,,,,,,,,
8,중경삼림,1995-09-02,"484,840,370",1.60%,"614,701,170","49,781","65,834",336,"6,484",,,,,,,,,,,
9,카오스 워킹,2021-02-24,"403,567,880",1.30%,"1,227,869,480","47,074","146,900",720,"8,342",,,,,,,,,,,
10,최면,2021-03-24,"399,800,610",1.30%,"399,800,610","44,118","44,118",506,"5,722",,,,,,,,,,,
합계,,,"24,790,374,980",82.20%,"54,725,278,890","2,672,099","5,894,561","7,767","238,601",,,,,,,,,,,
,,,,,,,,,,,,,,,,,,,,
2021/04,영화명,개봉,매출액,매출액점유율,누적매출액,관객수,누적관객수,스크린수,상영횟수,,,,,,,,,,,
1,서복,2021-04-15,"3,455,073,020",14.70%,"3,455,948,020","367,645","367,770","1,382","47,827",,,,,,,,,,,
2,극장판 귀멸의 칼날: 무한열차편,2021-01-27,"3,365,734,960",14.30%,"17,894,567,540","346,572","1,859,844",642,"30,629",,,,,,,,,,,
3,고질라 VS. 콩,2021-03-25,"2,953,464,400",12.50%,"6,740,374,720","299,183","700,063","1,053","35,304",,,,,,,,,,,
4,자산어보,2021-03-31,"2,668,467,040",11.30%,"2,922,255,890","292,097","329,935","1,195","45,386",,,,,,,,,,,
5,내일의 기억,2021-04-21,"1,793,427,140",7.60%,"1,793,427,140","207,232","207,232",957,"25,594",,,,,,,,,,,
6,명탐정 코난: 비색의 탄환,2021-04-16,"1,449,082,690",6.20%,"1,449,082,690","153,095","153,095",844,"18,403",,,,,,,,,,,
7,미나리,2021-03-03,"1,268,387,380",5.40%,"8,882,641,350","142,399","985,582",596,"17,706",,,,,,,,,,,
8,노바디,2021-04-07,"1,237,641,710",5.30%,"1,258,032,710","128,963","131,876",577,"19,565",,,,,,,,,,,
9,비와 당신의 이야기,2021-04-28,"687,257,550",2.90%,"687,257,550","83,539","83,539",952,"9,295",,,,,,,,,,,
10,더 스파이,2021-04-28,"506,970,290",2.20%,"506,970,290","62,028","62,028",629,"5,518",,,,,,,,,,,
합계,,,"19,385,506,180",82.40%,"45,590,557,900","2,082,753","4,880,964","8,827","255,227",,,,,,,,,,,
,,,,,,,,,,,,,,,,,,,,
2021/05,영화명,개봉,매출액,매출액점유율,누적매출액,관객수,누적관객수,스크린수,상영횟수,,,,,,,,,,,
1,분노의 질주: 더 얼티메이트,2021-05-19,"17,277,990,580",42.10%,"17,277,990,580","1,790,654","1,790,654","2,297","83,931",,,,,,,,,,,
2,크루엘라,2021-05-26,"3,039,545,310",7.40%,"3,039,545,310","330,211","330,211","1,184","19,232",,,,,,,,,,,
3,비와 당신의 이야기,2021-04-28,"2,945,952,300",7.20%,"3,633,209,850","314,868","398,407",957,"34,683",,,,,,,,,,,
4,더 스파이,2021-04-28,"2,329,329,840",5.70%,"2,836,300,130","245,413","307,441",710,"27,140",,,,,,,,,,,
5,크루즈 패밀리: 뉴 에이지,2021-05-05,"1,959,553,560",4.80%,"1,994,226,560","222,226","225,818","1,082","21,119",,,,,,,,,,,
6,극장판 귀멸의 칼날: 무한열차편,2021-01-27,"2,044,649,290",5.00%,"19,939,216,830","209,972","2,069,816",548,"19,261",,,,,,,,,,,
7,미나리,2021-03-03,"1,299,467,860",3.20%,"10,182,109,210","143,926","1,129,508",701,"16,282",,,,,,,,,,,
8,스파이럴,2021-05-12,"1,278,892,690",3.10%,"1,278,892,690","128,928","128,928",691,"20,122",,,,,,,,,,,
9,내일의 기억,2021-04-21,"1,232,214,520",3.00%,"3,025,641,660","125,712","332,944",625,"15,855",,,,,,,,,,,
10,파이프라인,2021-05-26,"840,187,490",2.00%,"840,187,490","96,311","96,311",777,"12,204",,,,,,,,,,,
합계,,,"34,247,783,440",83.50%,"64,047,320,310","3,608,211","6,810,038","9,572","269,829",,,,,,,,,,,
,,,,,,,,,,,,,,,,,,,,
2021/06,영화명,개봉,매출액,매출액점유율,누적매출액,관객수,누적관객수,스크린수,상영횟수,,,,,,,,,,,
1,크루엘라,2021-05-26,"11,669,502,860",24.80%,"14,709,048,170","1,201,759","1,531,970","1,186","74,787",,,,,,,,,,,
2,컨저링3: 악마가 시켰다,2021-06-03,"7,760,161,840",16.50%,"7,763,101,840","772,892","773,088","1,133","49,912",,,,,,,,,,,
3,콰이어트 플레이스 2,2021-06-16,"6,622,919,070",14.10%,"6,622,919,070","670,671","670,671","1,137","47,972",,,,,,,,,,,
4,분노의 질주: 더 얼티메이트,2021-05-19,"4,688,604,910",10.00%,"21,966,595,490","489,297","2,279,951","1,332","47,241",,,,,,,,,,,
5,발신제한,2021-06-23,"4,338,510,980",9.20%,"4,338,510,980","467,786","467,786","1,010","34,225",,,,,,,,,,,
6,킬러의 보디가드 2,2021-06-23,"2,815,830,900",6.00%,"2,815,830,900","289,033","289,033",975,"25,862",,,,,,,,,,,
7,루카,2021-06-17,"2,393,628,450",5.10%,"2,393,628,450","263,252","263,252",856,"21,029",,,,,,,,,,,
8,캐시트럭,2021-06-09,"2,156,468,890",4.60%,"2,156,468,890","226,923","226,923",938,"27,890",,,,,,,,,,,
9,여고괴담 여섯번째 이야기 : 모교,2021-06-17,"837,382,910",1.80%,"837,382,910","91,788","91,788",603,"12,963",,,,,,,,,,,
10,극장판 귀멸의 칼날: 무한열차편,2021-01-27,"670,709,150",1.40%,"20,609,925,980","76,170","2,145,986",274,"5,865",,,,,,,,,,,
합계,,,"43,953,719,960",93.50%,"84,213,412,680","4,549,571","8,740,448","9,444","347,746",,,,,,,,,,,
,,,,,,,,,,,,,,,,,,,,
2021/07,영화명,개봉,매출액,매출액점유율,누적매출액,관객수,누적관객수,스크린수,상영횟수,,,,,,,,,,,
1,블랙 위도우,2021-07-07,"27,903,975,680",40.80%,"27,909,900,680","2,753,522","2,753,917","2,528","141,940",,,,,,,,,,,
2,랑종,2021-07-14,"8,410,979,190",12.30%,"8,410,979,190","810,761","810,761","1,403","50,289",,,,,,,,,,,
3,보스 베이비 2,2021-07-21,"5,286,368,710",7.70%,"5,286,368,710","589,257","589,257","1,343","36,633",,,,,,,,,,,
4,모가디슈,2021-07-28,"5,087,095,430",7.40%,"5,087,095,430","546,411","546,411","1,686","27,718",,,,,,,,,,,
5,발신제한,2021-06-23,"4,739,347,550",6.90%,"9,077,858,530","483,314","951,100",969,"36,834",,,,,,,,,,,
6,크루엘라,2021-05-26,"4,450,374,300",6.50%,"19,159,422,470","441,684","1,973,654",889,"28,007",,,,,,,,,,,
7,이스케이프 룸 2: 노 웨이 아웃,2021-07-14,"2,080,122,620",3.00%,"2,080,122,620","209,450","209,450",728,"18,878",,,,,,,,,,,
8,콰이어트 플레이스 2,2021-06-16,"1,904,607,890",2.80%,"8,527,526,960","188,501","859,172",718,"14,880",,,,,,,,,,,
9,정글 크루즈,2021-07-28,"1,035,731,830",1.50%,"1,035,731,830","116,233","116,233",831,"8,886",,,,,,,,,,,
10,루카,2021-06-17,"993,379,860",1.50%,"3,387,008,310","107,323","370,575",632,"7,457",,,,,,,,,,,
합계,,,"61,891,983,060",90.40%,"89,962,014,730","6,246,456","9,180,530","11,727","371,522",,,,,,,,,,,
,,,,,,,,,,,,,,,,,,,,
2021/08,영화명,개봉,매출액,매출액점유율,누적매출액,관객수,누적관객수,스크린수,상영횟수,,,,,,,,,,,
1,모가디슈,2021-07-28,"24,651,270,990",32.30%,"29,738,366,420","2,563,395","3,109,806","1,688","137,088",,,,,,,,,,,
2,싱크홀,2021-08-11,"19,751,991,550",25.90%,"19,751,991,550","2,021,033","2,021,033","1,603","102,507",,,,,,,,,,,
3,인질,2021-08-18,"11,802,045,620",15.50%,"11,802,045,620","1,209,650","1,209,650","1,294","69,303",,,,,,,,,,,
4,더 수어사이드 스쿼드,2021-08-04,"4,368,532,410",5.70%,"4,389,784,410","416,548","418,063","1,066","29,158",,,,,,,,,,,
5,보스 베이비 2,2021-07-21,"2,987,051,940",3.90%,"8,273,420,650","332,614","921,871",956,"21,870",,,,,,,,,,,
6,프리 가이,2021-08-11,"3,003,450,930",3.90%,"3,019,178,930","297,025","298,189",750,"22,962",,,,,,,,,,,
7,블랙 위도우,2021-07-07,"2,061,750,460",2.70%,"29,971,651,140","205,891","2,959,808",690,"12,840",,,,,,,,,,,
8,정글 크루즈,2021-07-28,"1,254,384,390",1.60%,"2,290,116,220","131,362","247,595",794,"12,020",,,,,,,,,,,
9,올드,2021-08-18,"1,073,226,890",1.40%,"1,073,226,890","110,022","110,022",550,"11,956",,,,,,,,,,,
10,귀문,2021-08-25,"709,188,510",0.90%,"709,188,510","81,420","81,420",692,"10,018",,,,,,,,,,,
합계,,,"71,662,893,690",93.80%,"111,018,970,340","7,368,960","11,377,457","10,083","429,722",,,,,,,,,,,
,,,,,,,,,,,,,,,,,,,,
2021/09,영화명,개봉,매출액,매출액점유율,누적매출액,관객수,누적관객수,스크린수,상영횟수,,,,,,,,,,,
1,샹치와 텐 링즈의 전설,2021-09-01,"17,147,107,720",32.80%,"17,170,427,720","1,684,610","1,686,426","1,784","111,508",,,,,,,,,,,
2,보이스,2021-09-15,"10,139,559,510",19.40%,"10,139,559,510","1,029,282","1,029,282","1,296","72,787",,,,,,,,,,,
3,기적,2021-09-15,"4,581,469,660",8.80%,"4,585,456,660","487,170","487,613","1,198","52,128",,,,,,,,,,,
4,모가디슈,2021-07-28,"4,456,268,650",8.50%,"34,194,635,070","464,645","3,574,451",828,"40,917",,,,,,,,,,,
5,인질,2021-08-18,"3,716,059,800",7.10%,"15,518,105,420","417,320","1,626,970",994,"40,358",,,,,,,,,,,
6,007 노 타임 투 다이,2021-09-29,"1,487,960,100",2.80%,"1,487,960,100","180,574","180,574","2,178","10,560",,,,,,,,,,,
7,싱크홀,2021-08-11,"1,599,142,820",3.10%,"21,351,134,370","166,729","2,187,762",683,"19,127",,,,,,,,,,,
8,"극장판 포켓몬스터: 정글의 아이, 코코",2021-09-15,"1,506,290,940",2.90%,"1,506,290,940","165,807","165,807",699,"10,646",,,,,,,,,,,
9,극장판 짱구는 못말려: 격돌! 낙서왕국과 얼추 네 명의 용사들,2021-09-15,"1,267,661,100",2.40%,"1,267,661,100","133,650","133,650",593,"9,238",,,,,,,,,,,
10,맨 인 더 다크 2,2021-09-01,"765,553,800",1.50%,"778,633,300","76,228","78,822",248,"6,892",,,,,,,,,,,
합계,,,"46,667,074,100",89.30%,"107,999,864,190","4,806,015","11,151,357","10,501","374,161",,,,,,,,,,,
,,,,,,,,,,,,,,,,,,,,
2021/10,영화명,개봉,매출액,매출액점유율,누적매출액,관객수,누적관객수,스크린수,상영횟수,,,,,,,,,,,
1,베놈 2: 렛 데어 비 카니지,2021-10-13,"19,592,096,510",38.50%,"19,592,096,510","1,974,733","1,974,733","1,998","131,580",,,,,,,,,,,
2,007 노 타임 투 다이,2021-09-29,"10,426,284,850",20.50%,"11,914,244,950","1,038,271","1,218,845","2,201","86,503",,,,,,,,,,,
3,듄,2021-10-20,"8,062,427,240",15.90%,"8,062,427,240","762,523","762,523","1,576","52,634",,,,,,,,,,,
4,보이스,2021-09-15,"3,755,357,020",7.40%,"13,894,916,530","381,415","1,410,697",863,"43,221",,,,,,,,,,,
5,기적,2021-09-15,"1,897,718,830",3.70%,"6,483,175,490","205,382","692,995",699,"25,200",,,,,,,,,,,
6,고장난 론,2021-10-27,"757,606,280",1.50%,"757,606,280","84,647","84,647",904,"9,951",,,,,,,,,,,
7,극장판 짱구는 못말려: 격돌! 낙서왕국과 얼추 네 명의 용사들,2021-09-15,"620,539,040",1.20%,"1,888,200,140","64,947","198,597",319,"4,543",,,,,,,,,,,
8,용과 주근깨 공주,2021-09-29,"574,824,800",1.10%,"635,602,400","58,198","65,436",216,"6,247",,,,,,,,,,,
9,샹치와 텐 링즈의 전설,2021-09-01,"536,402,860",1.10%,"17,706,830,580","53,123","1,739,549",464,"5,925",,,,,,,,,,,
10,라스트 듀얼: 최후의 결투,2021-10-20,"502,776,600",1.00%,"502,776,600","52,560","52,560",367,"6,946",,,,,,,,,,,
합계,,,"46,726,034,030",91.90%,"81,437,876,720","4,675,799","8,200,582","9,607","372,750",,,,,,,,,,,
,,,,,,,,,,,,,,,,,,,,
2021/11,영화명,개봉,매출액,매출액점유율,누적매출액,관객수,누적관객수,스크린수,상영횟수,,,,,,,,,,,
1,이터널스,2021-11-03,"31,210,610,590",47.30%,"31,219,783,590","2,998,482","2,999,209","2,648","155,332",,,,,,,,,,,
2,듄,2021-10-20,"7,371,563,880",11.20%,"15,433,991,120","672,002","1,434,525","1,329","43,244",,,,,,,,,,,
3,장르만 로맨스,2021-11-17,"4,877,819,720",7.40%,"4,879,195,720","483,876","484,048","1,194","44,324",,,,,,,,,,,
4,유체이탈자,2021-11-24,"4,256,679,700",6.50%,"4,257,179,700","440,218","440,268","1,216","33,968",,,,,,,,,,,
5,강릉,2021-11-10,"3,152,097,470",4.80%,"3,152,097,470","304,200","304,200",761,"28,116",,,,,,,,,,,
6,엔칸토: 마법의 세계,2021-11-24,"2,877,932,500",4.40%,"2,877,932,500","302,336","302,336","1,102","21,753",,,,,,,,,,,
7,연애 빠진 로맨스,2021-11-24,"2,570,402,990",3.90%,"2,571,509,990","255,287","255,410",967,"25,565",,,,,,,,,,,
8,베놈 2: 렛 데어 비 카니지,2021-10-13,"1,516,722,910",2.30%,"21,108,819,420","148,076","2,122,809","1,169","20,011",,,,,,,,,,,
9,아담스 패밀리 2,2021-11-10,"953,999,220",1.40%,"953,999,220","106,939","106,939",750,"9,982",,,,,,,,,,,
10,디어 에반 핸슨,2021-11-17,"1,015,573,830",1.50%,"1,015,573,830","100,074","100,074",631,"11,728",,,,,,,,,,,
합계,,,"59,803,402,810",90.70%,"87,470,082,560","5,811,490","8,549,818","11,767","394,023",,,,,,,,,,,
,,,,,,,,,,,,,,,,,,,,
2021/12,영화명,개봉,매출액,매출액점유율,누적매출액,관객수,누적관객수,스크린수,상영횟수,,,,,,,,,,,
1,스파이더맨: 노 웨이 홈,2021-12-15,"55,697,413,760",65.90%,"55,697,413,760","5,560,940","5,560,940","2,948","144,754",,,,,,,,,,,
2,킹스맨: 퍼스트 에이전트,2021-12-22,"6,154,017,260",7.30%,"6,154,017,260","622,461","622,461","1,061","26,294",,,,,,,,,,,
3,유체이탈자,2021-11-24,"3,642,401,090",4.30%,"7,899,580,790","370,901","811,169","1,077","49,878",,,,,,,,,,,
4,연애 빠진 로맨스,2021-11-24,"3,548,951,010",4.20%,"6,120,461,000","347,605","603,015",874,"41,163",,,,,,,,,,,
5,엔칸토: 마법의 세계,2021-11-24,"3,004,819,680",3.60%,"5,882,752,180","317,759","620,095",972,"30,411",,,,,,,,,,,
6,매트릭스: 리저렉션,2021-12-22,"1,923,032,630",2.30%,"1,923,032,630","191,280","191,280",970,"15,414",,,,,,,,,,,
7,듄,2021-10-20,"1,469,301,990",1.70%,"16,903,293,110","114,821","1,549,346",409,"7,867",,,,,,,,,,,
8,해피 뉴 이어,2021-12-29,"1,011,453,370",1.20%,"1,011,453,370","114,046","114,046",832,"6,930",,,,,,,,,,,
9,고스트버스터즈 라이즈,2021-12-01,"1,061,007,980",1.30%,"1,066,122,980","113,456","114,001",888,"19,140",,,,,,,,,,,
10,돈 룩 업,2021-12-08,"682,183,970",0.80%,"682,183,970","70,021","70,021",656,"13,128",,,,,,,,,,,
합계,,,"78,194,582,740",92.60%,"103,340,311,050","7,823,290","10,256,374","10,687","354,979",,,,,,,,,,,
,,,,,,,,,,,,,,,,,,,,
2022/01,영화명,개봉,매출액,매출액점유율,누적매출액,관객수,누적관객수,스크린수,상영횟수,,2023/01,영화명,개봉,매출액,매출액점유율,누적매출액,관객수,누적관객수,스크린수,상영횟수
1,스파이더맨: 노 웨이 홈,2021/12/15,"17,638,013,570",31.70%,"73,335,427,330","1,775,712","7,336,652","2,162","106,959",,1,아바타: 물의 길,2022-12-14,"41,966,800,908",33.80%,"132,263,640,110","3,092,106","10,405,255","2,047","104,099"
2,씽2게더,2022/01/05,"6,995,555,990",12.60%,"6,998,173,990","758,634","758,924","1,251","58,156",,2,더 퍼스트 슬램덩크,2023-01-04,"20,566,824,665",16.60%,"20,624,602,665","1,989,172","1,994,807","1,060","76,550"
3,경관의 피,2022/01/05,"6,622,075,180",11.90%,"6,668,918,180","671,271","676,449","1,187","56,446",,3,영웅,2022-12-21,"15,861,561,131",12.80%,"30,395,786,454","1,589,884","3,077,563","1,099","69,526"
4,해적: 도깨비 깃발,2022-01-26,"5,857,339,390",10.50%,"5,857,339,390","613,020","613,020","1,708","40,684",,4,교섭,2023-01-18,"15,182,830,689",12.20%,"15,182,830,689","1,489,058","1,489,058","1,289","66,089"
5,특송,2022-01-12,"4,059,133,660",7.30%,"4,070,214,660","428,566","429,827",996,"46,323",,5,장화신은 고양이: 끝내주는 모험,2023-01-04,"7,152,855,087",5.80%,"7,209,172,087","755,180","760,958",924,"37,878"
6,킹스맨: 퍼스트에이전트 ,2021-12-22,"4,046,310,910",7.30%,"10,200,328,170","393,369","1,015,830",913,"26,334",,6,유령,2023-01-18,"5,668,333,088",4.60%,"5,668,333,088","552,954","552,954","1,099","35,038"
7,킹메이커,2022-01-26,"3,076,903,460",5.50%,"3,140,739,960","322,485","330,084","1,185","25,885",,7,스위치,2023-01-04,"3,762,547,512",3.00%,"3,983,136,396","395,818","418,966",912,"36,695"
8,하우스 오브 구찌,2022-01-12,"1,211,641,690",2.20%,"1,211,641,690","122,564","122,564",734,"14,583",,8,"오늘 밤, 세계에서 이 사랑이 사라진다 해도",2022-11-30,"3,724,501,362",3.00%,"10,474,658,164","352,523","1,014,920",402,"17,027"
9,해피 뉴 이어,2021-12-29,"1,154,923,530",2.10%,"2,166,376,900","116,818","230,864",771,"11,246",,9,상견니,2023-01-25,"1,672,968,868",1.30%,"1,672,968,868","170,712","170,712",699,"14,523"
10,웨스트 사이드 스토리,2022-01-12,"1,156,029,050",2.10%,"1,162,584,050","112,954","113,391",754,"14,955",,10,메간,2023-01-25,"1,445,365,945",1.20%,"1,445,365,945","142,570","142,570",704,"11,687"
합계,,,"51,817,926,430",93.20%,"114,811,744,320","5,315,393","11,627,605","11,661","401,571",,합계,,,"117,004,589,255",94.30%,"228,920,494,466","10,529,977","20,027,763","10,235","469,112"
,,,,,,,,,,,,,,,,,,,,
2022/02,영화명,개봉,매출액,매출액점유율,누적매출액,관객수,누적관객수,스크린수,상영횟수,,2023/02,영화명,개봉,매출액,매출액점유율,누적매출액,관객수,누적관객수,스크린수,상영횟수
1,해적: 도깨비 깃발,2022-01-26,"6,536,103,600",21.10%,"12,393,442,990","705,445","1,318,465","1,657","75,468",,1,더 퍼스트 슬램덩크,2023-01-04,"16,820,705,766",24.40%,"37,445,308,431","1,648,196","3,643,003","1,058","83,147"
2,언차티드,2022-02-16,"5,996,987,970",19.40%,"5,996,987,970","614,875","614,875","1,536","60,391",,2,앤트맨과 와스프: 퀀텀매니아,2023-02-15,"14,548,744,774",21.10%,"14,548,744,774","1,376,484","1,376,484","2,090","87,432"
3,킹메이커,2022-01-26,"4,164,260,100",13.50%,"7,305,000,060","440,182","770,266","1,166","52,853",,3,타이타닉,1998-02-20,"6,528,961,730",9.50%,"6,528,961,730","454,336","454,336",447,"14,296"
4,극장판 주술회전 0,2022-02-17,"3,066,383,800",9.90%,"3,066,383,800","306,843","306,843",843,"29,825",,4,아바타: 물의 길,2022-12-14,"5,062,956,933",7.30%,"137,326,597,043","373,856","10,779,111",712,"23,722"
5,나일 강의 죽음,2022-02-09,"2,193,345,520",7.10%,"2,193,345,520","226,615","226,615","1,041","33,618",,5,카운트,2023-02-22,"2,605,724,325",3.80%,"2,605,724,325","273,358","273,358",946,"23,536"
6,스파이더맨: 노 웨이 홈,2021-12-15,"1,673,504,040",5.40%,"75,008,931,370","194,212","7,530,864",739,"21,659",,6,서치 2,2023-02-22,"2,342,663,702",3.40%,"2,342,663,702","241,144","241,144",868,"21,770"
7,씽2게더,2022-01-05,"1,112,519,850",3.60%,"8,110,693,840","117,156","876,080",679,"13,266",,7,교섭,2023-01-18,"2,275,375,152",3.30%,"17,458,205,841","231,765","1,720,823",799,"26,508"
8,극장판 안녕 자두야: 제주도의 비밀,2022-01-27,"574,916,230",1.90%,"1,004,299,260","65,202","114,124",595,"8,437",,8,바빌론,2023-02-01,"1,981,538,862",2.90%,"2,001,587,862","198,100","199,597",852,"20,799"
9,안테벨룸,2022-02-23,"593,751,040",1.90%,"593,751,040","62,956","62,956",638,"9,178",,9,상견니,2023-01-25,"1,775,237,470",2.60%,"3,448,206,338","175,552","346,264",570,"15,597"
10,인민을 위해 복무하라,2022-02-23,"493,943,340",1.60%,"493,943,340","53,772","53,772",598,"7,989",,10,영웅,2022-12-21,"1,696,880,958",2.50%,"32,092,667,412","171,392","3,248,955",656,"17,115"
합계,,,"26,405,715,490",85.40%,"116,166,779,190","2,787,258","1,187,258","9,492","312,684",,합계,,,"55,638,789,672",80.80%,"255,798,667,458","5,144,183","22,283,075","8,998","333,922"
,,,,,,,,,,,,,,,,,,,,
2022/03,영화명,개봉,매출액,매출액점유율,누적매출액,관객수,누적관객수,스크린수,상영횟수,,2023/03,영화명,개봉,매출액,매출액점유율,누적매출액,관객수,누적관객수,스크린수,상영횟수
1,더 배트맨,2022-03-01,"9,047,866,240",33.50%,"9,133,702,960","877,803","884,123","2,370","94,146",,1,스즈메의 문단속,2023-03-08,"33,888,623,448",42.30%,"34,212,660,348","3,265,988","3,288,582","1,572","125,607"
2,이상한 나라의 수학자,2022-03-09,"4,579,857,920",17.00%,"4,628,491,920","482,374","487,690","1,357","65,679",,2,대외비,2023-03-01,"7,410,908,199",9.30%,"7,447,284,199","749,702","753,498","1,157","53,432"
3,뜨거운 피,2022-03-23,"2,643,198,010",9.80%,"2,643,198,010","276,776","276,776","1,279","35,957",,3,더 퍼스트 슬램덩크,2023-01-04,"7,170,982,308",9.00%,"44,616,290,739","687,202","4,330,205",722,"48,824"
4,극장판 주술회전 0,2022-02-17,"2,381,965,010",8.80%,"5,448,348,810","244,376","551,219",713,"28,280",,4,"귀멸의 칼날: 상현집결, 그리고 도공 마을로",2023-03-02,"6,516,431,400",8.10%,"6,516,431,400","529,569","529,569",410,"20,300"
5,문폴,2022-03-16,"1,913,798,790",7.10%,"1,913,798,790","188,266","188,266","1,174","31,614",,5,아임 히어로 더 파이널,2023-03-01,"5,657,795,500",7.10%,"5,657,795,500","234,102","234,102",146,"7,613"
6,언차티드,2022-02-16,"1,117,941,130",4.10%,"7,114,929,100","115,894","730,769",820,"16,590",,6,웅남이,2023-03-22,"2,103,958,816",2.60%,"2,103,958,816","231,631","231,631",829,"24,788"
7,모비우스,2022-03-30,"937,998,040",3.50%,"937,998,040","107,603","107,603","1,614","14,334",,7,소울메이트,2023-03-15,"1,950,916,434",2.40%,"1,981,732,434","200,698","204,122",749,"25,292"
8,스펜서,2022-03-16,"677,903,130",2.50%,"688,541,830","71,221","72,237",730,"15,237",,8,멍뭉이,2023-03-01,"1,656,210,392",2.10%,"1,672,858,392","176,435","178,067",649,"15,076"
9,나의 히어로 아카데미아 더 무비: 월드 히어로즈 미션,2022-03-09,"463,952,490",1.70%,"463,952,490","47,726","47,726",459,"5,445",,9,앤트맨과 와스프: 퀀텀매니아,2023-02-15,"1,796,712,832",2.20%,"16,345,457,606","174,514","1,550,998",719,"17,303"
10,안테벨룸,2022-02-23,"298,641,210",1.10%,"892,392,250","31,570","94,526",454,"4,824",,10,서치 2,2023-02-22,"1,731,827,494",2.20%,"4,074,491,196","172,461","413,605",674,"15,117"
합계,,,"24,063,121,970","89,10%","33,865,354,200","2,443,609","3,440,935","10,970","312,106",,합계,,,"69,884,366,823",87.30%,"124,628,960,630","6,422,302","11,714,379","7,627","353,352"
,,,,,,,,,,,,,,,,,,,,
2022/04,영화명,개봉,매출액,매출액점유율,누적매출액,관객수,누적관객수,스크린수,상영횟수,,2023/04,영화명,개봉,매출액,매출액점유율,누적매출액,관객수,누적관객수,스크린수,상영횟수
1,신비한 동물들과 덤블도어의 비밀,2022-04-13,"10,411,137,150",34.20%,"10,411,137,150","1,012,485","1,012,485","2,207","88,895",,1,스즈메의 문단속,2023-03-08,"18,375,941,950",26.00%,"52,588,602,298","1,830,142","5,118,724","1,540","94,327"
2,모비우스,2022-03-30,"3,718,106,850",12.20%,"4,656,104,890","365,799","473,402","1,696","56,796",,2,존 윅 4,2023-04-12,"16,604,332,847",23.50%,"16,625,548,847","1,597,373","1,598,621","1,535","70,164"
3,수퍼 소닉2,2022-04-06,"2,496,990,960",8.20%,"2,496,990,960","274,142","274,142","1,129","25,461",,3,슈퍼 마리오 브라더스,2023-04-26,"7,721,308,808",10.90%,"7,721,308,808","769,099","769,099","1,526","31,338"
4,니 부모 얼굴이 보고 싶다,2022-04-27,"1,523,253,190",5.00%,"1,523,253,190","170,342","170,342","1,008","15,816",,4,리바운드,2023-04-05,"6,226,581,424",8.80%,"6,339,400,424","646,596","659,051","1,154","54,536"
5,앵커,2022-04-20,"1,463,907,020",4.80%,"1,465,557,020","150,096","150,246","1,032","23,882",,5,드림,2023-04-26,"5,185,380,852",7.30%,"5,185,380,852","538,862","538,862","1,285","25,478"
6,공기살인,2022-04-22,"1,239,923,140",4.10%,"1,239,923,140","133,273","133,273",756,"16,951",,6,더 퍼스트 슬램덩크,2023-01-04,"3,243,693,721",4.60%,"47,859,984,460","259,501","4,589,706",615,"13,412"
7,앰뷸런스,2022-04-06,"1,130,418,110",3.70%,"1,130,418,110","112,342","112,342","1,033","23,343",,7,던전 앤 드래곤: 도적들의 명예,2023-03-29,"2,136,720,611",3.00%,"2,930,975,338","209,571","293,331","1,075","23,577"
8,뜨거운 피,2022-03-23,"986,912,960",3.20%,"3,630,110,970","100,658","377,434",799,"17,909",,8,킬링 로맨스,2023-04-14,"1,638,662,742",2.30%,"1,638,662,742","171,121","171,121",998,"24,755"
9,로스트 시티,2022-04-20,"899,081,910",3.00%,"899,081,910","97,020","97,020",835,"18,088",,9,옥수역귀신,2023-04-19,"1,630,510,400",2.30%,"1,630,510,400","154,798","154,798",314,"8,436"
10,스텔라,2022-04-06,"848,411,600",2.80%,"853,410,600","93,436","94,145",690,"17,657",,10,에어,2023-04-05,"1,037,691,981",1.50%,"1,053,509,981","107,461","109,164",656,"16,462"
합계,,,"24,718,142,890",81.20%,"28,305,987,940","2,509,593","2,894,831","11,185","304,798",,합계,,,"63,800,098,264",90.20%,"143,573,884,150","6,284,524","14,002,477","10,698","362,485"
,,,,,,,,,,,,,,,,,,,,
2022/05,영화명,개봉,매출액,매출액점유율,누적매출액,관객수,누적관객수,스크린수,상영횟수,,2023/05,영화명,개봉,매출액,매출액점유율,누적매출액,관객수,누적관객수,스크린수,상영횟수
1,범죄도시2,2022-05-18,"72,491,886,380",48.10%,"72,494,212,380","7,013,221","7,013,437","2,521","184,038",,1,가디언즈 오브 갤럭시: Volume 3,2023-05-03,"41,558,564,678",35.00%,"41,558,564,678","3,936,452","3,936,452","1,819","139,717"
2,닥터 스트레인지: 대혼돈의 멀티버스,2022-05-04,"61,798,154,700",41.00%,"61,798,154,700","5,803,762","5,803,762","2,691","208,097",,2,분노의 질주: 라이드 오어 다이,2023-05-17,"16,994,798,760",14.30%,"16,994,798,760","1,624,933","1,624,933","1,731","82,524"
3,배드 가이즈,2022-05-04,"3,642,981,470",2.40%,"3,741,977,670","383,993","393,591",844,"22,307",,3,슈퍼 마리오 브라더스,2023-04-26,"15,203,394,429",12.80%,"22,924,703,237","1,559,739","2,328,838","1,576","60,940"
4,니 부모 얼굴이 보고 싶다,2022-04-27,"2,362,251,090",1.60%,"3,885,504,280","233,768","404,110",981,"23,315",,4,범죄도시3,2023-05-31,"11,356,393,356",9.60%,"11,356,393,356","1,224,178","1,224,178","2,352","15,487"
5,그대가 조국,2022-05-25,"1,801,689,510",1.20%,"1,801,689,510","189,737","189,737",601,"8,023",,5,극장판 짱구는 못말려: 동물소환 닌자 배꼽수비대,2023-05-04,"6,793,684,949",5.70%,"6,831,105,825","685,661","688,746",844,"26,670"
6,신비한 동물들과 덤블도어의 비밀,2022-04-13,"1,883,379,860",1.20%,"12,294,517,010","181,063","1,193,548","1,215","17,159",,6,드림,2023-04-26,"5,594,560,565",4.70%,"10,779,941,417","582,769","1,121,631","1,226","35,958"
7,극장판 엉덩이 탐정: 수플레 섬의 비밀,2022-05-05,"1,395,918,940",0.90%,"1,398,672,940","151,108","151,414",770,"8,645",,7,인어공주,2023-05-24,"5,078,651,511",4.30%,"5,078,651,511","487,955","487,955","1,364","29,525"
8,서울괴담,2022-04-27,"672,645,500",0.40%,"1,075,368,990","67,746","112,634",471,"5,386",,8,스즈메의 문단속,2023-03-08,"3,834,375,137",3.20%,"56,422,977,435","383,368","5,502,092",693,"20,174"
9,수퍼 소닉2,2022-04-06,"325,708,450",0.20%,"2,822,699,410","35,847","309,989",427,"1,620",,9,존 윅 4,2023-04-12,"3,317,051,743",2.80%,"19,942,600,590","324,794","1,923,415",905,"19,277"
10,민스미트 작전,2022-05-11,"323,025,480",0.20%,"329,413,980","33,489","34,160",459,"6,576",,10,문재인입니다,2023-05-10,"1,092,623,136",0.90%,"1,092,623,136","112,842","112,842",602,"10,166"
합계,,,"146,697,641,380",97.20%,"161,642,210,870","14,093,734","15,606,382","10,980","485,166",,합계,,,,93.30%,"192,982,359,945","10,922,691","18,951,082","13,112","440,438"
,,,,,,,,,,,,,,,,,,,,
2022/06,영화명,개봉,매출액,매출액점유율,누적매출액,관객수,누적관객수,스크린수,상영횟수,,2023/06,영화명,개봉,매출액,매출액점유율,누적매출액,관객수,누적관객수,스크린수,상영횟수
1,범죄도시2,2022-05-18,"53,743,053,410",34.00%,"126,237,265,790","5,203,165","12,216,602","1,786","150,166",,1,범죄도시3,2023-05-31,"87,130,311,881",60.00%,"98,486,705,237","8,745,222","9,969,400","2,582","253,403"
2,쥬라기 월드: 도미니언,2022-06-01,"29,091,164,990",18.40%,"29,101,772,990","2,822,654","2,823,278","2,218","85,917",,2,엘리멘탈,2023-06-14,"16,661,492,941",11.50%,"16,668,970,941","1,691,732","1,692,554","1,331","62,632"
3,마녀(魔女) Part2. The Other One,2022-06-15,"24,953,511,520",15.80%,"24,955,734,520","2,425,071","2,425,318","1,796","77,268",,3,트랜스포머: 비스트의 서막,2023-06-06,"7,731,747,754",5.30%,"7,731,747,754","764,377","764,377","1,123","44,855"
4,탑건: 매버릭,2022-06-22,"23,224,086,500",14.70%,"23,224,086,500","2,183,766","2,183,766","1,975","72,580",,4,플래시,2023-06-14,"6,527,899,642",4.50%,"6,527,899,642","614,030","614,030","1,258","41,890"
5,브로커,2022-06-08,"12,344,597,720",7.80%,"12,364,765,720","1,233,759","1,235,999","1,594","64,828",,5,스파이더맨: 어크로스 더 유니버스,2023-06-21,"5,309,163,912",3.70%,"5,309,163,912","497,687","497,687","1,103","29,552"
6,극장판 포켓몬스터DP: 기라티나와 하늘의 꽃다발 쉐이미,2022-06-01,"5,384,454,670",3.40%,"5,384,454,670","571,570","571,570",809,"13,729",,6,귀공자,2023-06-21,"4,779,869,699",3.30%,"4,779,869,699","491,177","491,177",966,"30,085"
7,버즈 라이트이어,2022-06-15,"3,121,299,150",2.00%,"3,121,299,150","301,112","301,112",844,"20,442",,7,가디언즈 오브 갤럭시: Volume 3,2023-05-03,"2,766,466,626",1.90%,"44,325,031,304","269,489","4,205,941",625,"13,806"
8,헤어질 결심,2022-06-29,"1,645,676,240",1.00%,"1,645,676,240","187,927","187,927","1,374","10,741",,8,인디아나 존스: 운명의 다이얼,2023-06-28,"2,261,202,192",1.60%,"2,261,202,192","241,367","241,367","1,261","11,907"
9,그대가 조국,2022-05-25,"1,246,274,560",0.80%,"3,047,964,070","136,972","326,709",356,"3,009",,9,포켓 몬스터 DP: 아르세우스 초극의 시공으로,2009-12-24,"2,114,823,986",1.50%,"4,468,340,849","227,540","578,827",587,"9,424"
10,닥터 스트레인지: 대혼돈의 멀티버스,2022-05-04,"845,440,370",0.50%,"62,643,595,070","80,302","5,884,064",185,"2,945",,10,인어공주,2023-05-24,"1,582,040,373",1.10%,"6,660,691,884","158,978","646,933",597,"8,013"
합계,,,"155,599,559,130",98.40%,"291,726,614,720","15,146,298","28,156,345","12,937","501,625",,합계,,,"136,865,019,006",94.40%,"197,219,623,414","13,702,293","19,702,293","11,433","505,567"
,,,,,,,,,,,,,,,,,,,,
2022/07,영화명,개봉,매출액,매출액점유율,누적매출액,관객수,누적관객수,스크린수,상영횟수,,2023/07,영화명,개봉,매출액,매출액점유율,누적매출액,관객수,누적관객수,스크린수,상영횟수
1,탑건: 매버릭,2022-06-22,"52,027,979,386",30.50%,"75,252,065,886","4,865,590","7,049,356","1,622","134,740",,1,엘리멘탈,2023-06-14,"40,226,544,806",28.70%,"56,895,515,747","4,086,918","5,779,472","1,664","124,676"
2,토르: 러브 앤 썬더,2022-07-06,"29,426,846,744",17.30%,"29,437,454,744","2,709,075","2,709,699","2,143","107,232",,2,미션 임파서블: 데드 레코닝 PART ONE,2023-07-12,"36,264,590,140",25.90%,"36,264,590,140","3,594,887","3,594,887","2,437","121,203"
3,한산: 용의 출현,2022-07-27,"23,390,019,692",13.70%,"23,390,019,692","2,269,575","2,269,575","2,223","51,570",,3,밀수,2023-07-26,"19,088,796,091",13.60%,"19,088,796,091","1,978,231","1,978,231","1,932","54,142"
4,미니언즈2,2022-07-20,"14,691,390,207",8.60%,"14,691,390,207","1,504,946","1,504,946","1,394","50,006",,4,범죄도시3,2023-05-31,"6,184,609,945",4.40%,"104,671,315,182","711,505","10,680,905",943,"42,706"
5,헤어질 결심,2022-06-29,"15,634,262,263",9.20%,"17,279,938,503","1,484,168","1,672,095","1,265","57,894",,5,인디아나 존스: 운명의 다이얼,2023-06-28,"6,239,832,155",4.50%,"8,501,034,347","618,807","860,174","1,268","34,242"
6,외계+인 1부,2022-07-20,"14,200,534,032",8.30%,"14,200,534,032","1,357,683","1,357,683","1,959","59,254",,6,명탐정코난: 흑철의 어영,2023-07-20,"5,719,823,652",4.10%,"5,719,823,652","601,683","601,683","1,030","24,037"
7,범죄도시2,2022-05-18,"5,031,908,870",3.00%,"131,269,174,660","474,116","12,690,718",822,"21,273",,7,바비,2023-07-19,"4,355,081,151",3.10%,"4,355,081,151","450,191","450,191",780,"21,231"
8,명탐정 코난: 할로윈의 신부,2022-07-13,"4,277,238,981",2.50%,"4,277,238,981","411,642","411,642",758,"16,438",,8,스파이더맨: 어크로스 더 유니버스,2023-06-21,"4,086,539,574",2.90%,"9,395,703,486","413,353","911,040",729,"17,213"
9,마녀(魔女) Part2. The Other One,2022-06-15,"3,948,572,150",2.30%,"28,904,306,670","378,055","2,803,373",786,"17,591",,9,인시디어스: 빨간 문,2023-07-19,"3,737,620,982",2.70%,"3,737,620,982","368,127","368,127",758,"16,696"
10,뽀로로 극장판 드래곤캐슬 대모험,2022-07-28,"1,632,894,635",1.00%,"1,634,820,635","171,310","171,524",748,"5,917",,10,여름날 우리,2021-08-25,"2,992,845,844",2.10%,"3,597,011,444","299,927","366,786",244,"10,511"
합계,,,"164,261,646,960",94.40%,"340,336,944,010","15,626,160","32,640,611","13,720","52,191",,합계,,,"128,896,284,340",92.00%,"252,226,492,222","13,123,629","25,591,496","11,785","466,657"
,,,,,,,,,,,,,,,,,,,,
2022/08,영화명,개봉,매출액,매출액점유율,누적매출액,관객수,누적관객수,스크린수,상영횟수,,2023/08,영화명,개봉,매출액,매출액점유율,누적매출액,관객수,누적관객수,스크린수,상영횟수
1,한산: 용의 출현,2022-07-27,"48,640,449,693",31.90%,"72,030,469,385","4,801,836","7,071,411","2,030","149,316",,1,콘크리트 유토피아,2023-08-09,"33,729,838,362",23.50%,"33,754,618,362","3,452,681","3,454,857","1,731","110,766"
2,헌트,2022-08-10,"40,017,613,674",26.30%,"40,045,439,674","3,879,038","3,881,399","1,625","129,939",,2,밀수,2023-07-26,"29,414,760,178",20.50%,"48,503,556,269","3,043,853","5,022,084","1,771","100,715"
3,비상선언,2022-08-03,"20,664,921,736",13.60%,"20,812,411,652","2,030,403","2,046,166","1,734","72,331",,3,오펜하이머,2023-08-15,"26,923,397,740",18.80%,"26,923,397,740","2,525,885","2,525,885","1,636","79,345"
4,탑건: 매버릭,2022-06-22,"10,389,116,072",6.80%,"85,641,181,958","954,986","8,004,342",802,"32,964",,4,엘리멘탈,2023-06-14,"12,526,218,715",8.70%,"69,421,734,462","1,285,652","7,065,124","1,019","48,897"
5,미니언즈2,2022-07-20,"7,117,540,132",4.70%,"21,808,930,339","744,106","2,249,052",945,"27,433",,5,비공식작전,2023-08-02,"9,760,586,384",6.80%,"10,170,842,196","1,013,010","1,056,202","1,151","44,657"
6,육사오(6/45),2022-08-24,"6,765,201,849",4.40%,"6,765,201,849","680,136","680,136","1,185","33,875",,6,달짝지근해: 7510,2023-08-15,"9,476,912,436",6.60%,"9,476,912,436","974,370","974,370","1,032","46,224"
7,놉,2022-08-17,"4,273,648,241",2.80%,"4,273,648,241","374,255","374,255","1,031","28,437",,7,더 문,2023-08-02,"4,860,997,988",3.40%,"5,170,945,728","482,112","512,048","1,187","29,817"
8,뽀로로 극장판 드래곤캐슬 대모험,2022-07-28,"2,501,261,380",1.60%,"4,136,082,015","270,315","441,839",677,"11,426",,8,미션 임파서블: 데드 레코닝 PART ONE,2023-07-12,"4,113,496,664",2.90%,"40,378,086,804","421,788","4,016,675",846,"16,260"
9,DC 리그 오브 슈퍼-펫,2022-08-10,"2,246,452,221",1.50%,"2,246,452,221","239,067","239,067",585,"12,529",,9,명탐정코난: 흑철의 어영,2023-07-20,"1,685,992,722",1.20%,"7,405,816,374","171,586","773,269",600,"7,805"
10,헤어질 결심,2022-06-29,"2,065,953,714",1.40%,"19,345,892,217","192,926","1,865,021",412,"8,593",,10,바비,2023-07-19,"1,335,225,496",0.90%,"5,690,306,647","129,125","579,316",535,"5,616"
합계,,,"144,682,158,712",95.00%,"277,105,709,551","14,167,068","26,852,688","11,026","506,843",,합계,,,"133,827,426,685",93.30%,"256,896,217,018","13,500,062","25,979,830","11,508","490,102"
,,,,,,,,,,,,,,,,,,,,
2022/09,영화명,개봉,매출액,매출액점유율,누적매출액,관객수,누적관객수,스크린수,상영횟수,,2023/09,영화명,개봉,매출액,매출액점유율,누적매출액,관객수,누적관객수,스크린수,상영횟수
1,공조2: 인터내셔날,2022-09-07,"59,840,496,584",58.70%,"59,872,265,584","5,835,343","5,838,864","2,389","198,243",,1,잠,2023-09-06,"13,379,208,421",20.50%,"13,455,612,321","1,409,809","1,417,547","1,231","99,675"
2,육사오(6/45),2022-08-24,"12,779,699,049",12.50%,"19,544,900,898","1,270,975","1,951,111","1,339","70,367",,2,천박사 퇴마 연구소: 설경의 비밀,2023-09-27,"9,048,858,009",13.90%,"9,048,858,009","944,241","944,241","1,502","28,843"
3,헌트,2022-08-10,"4,514,378,386",4.40%,"44,559,818,060","466,601","4,348,000","1,233","40,603",,3,오펜하이머,2023-08-15,"7,124,568,890",10.90%,"34,047,966,630","676,425","3,202,310","1,158","50,884"
4,늑대사냥,2022-09-21,"4,117,553,911",4.00%,"4,117,553,911","399,298","399,298","1,226","34,015",,4,1947 보스톤,2023-09-27,"4,401,916,148",6.70%,"4,401,916,148","461,397","461,397","1,273","20,165"
5,정직한 후보2,2022-09-28,"1,867,769,730",1.80%,"1,867,769,730","202,206","202,206","1,318","18,457",,5,달짝지근해: 7510,2023-08-15,"3,920,187,519",6.00%,"13,397,099,955","407,480","1,381,850",937,"39,989"
6,한산: 용의 출현,2022-07-27,"1,615,657,496",1.60%,"73,646,126,881","185,507","7,256,918",730,"16,665",,6,콘크리트 유토피아,2023-08-09,"3,640,549,233",5.60%,"37,395,167,595","392,372","3,847,229",970,"39,875"
7,극장판 엄마 까투리: 도시로 간 까투리 가족,2022-09-08,"1,541,383,879",1.50%,"1,546,969,879","165,078","165,876",616,"9,045",,7,타겟,2023-08-30,"3,211,665,784",4.90%,"4,001,965,099","331,430","424,734",961,"35,672"
8,탑건: 매버릭,2022-06-22,"2,051,824,158",2.00%,"87,693,006,116","157,388","8,161,730",437,"8,262",,8,베니스 유령 살인사건,2023-09-13,"1,982,666,575",3.00%,"1,982,666,575","203,096","203,096",876,"27,848"
9,아바타 리마스터링,2022-09-21,"2,467,778,590",2.40%,"2,467,778,590","150,135","150,135",285,"8,328",,9,거미집,2023-09-27,"1,824,955,291",2.80%,"1,824,955,291","192,349","192,349","1,058","13,244"
10,인생은 아름다워,2022-09-28,"1,311,922,651",1.30%,"1,311,922,651","141,509","141,509","1,285","15,465",,10,엘리멘탈,2023-06-14,"1,578,987,078",2.40%,"71,000,721,540","160,948","7,226,072",585,"10,408"
합계,,,"92,108,464,434",90.20%,"296,628,112,300","8,974,040","28,615,647","10,858","419,450",,합계,,,"13,379,208,421",76.70%,"190,556,929,163","5,179,547","19,300,825","10,551","366,603"
,,,,,,,,,,,,,,,,,,,,
2022/10,영화명,개봉,매출액,매출액점유율,누적매출액,관객수,누적관객수,스크린수,상영횟수,,2023/10,영화명,개봉,매출액,매출액점유율,누적매출액,관객수,누적관객수,스크린수,상영횟수
1,공조2: 인터내셔날,2022-09-07,"10,830,748,777",17.60%,"70,703,014,361","1,113,445","6,952,309","1,237","73,138",,1,30일,2023-10-03,"18,306,995,855",27.20%,"18,484,046,620","1,861,665","1,880,121","1,226","104,434"
2,인생은 아름다워,2022-09-28,"8,739,672,083",14.20%,"10,051,594,734","932,310","1,073,819","1,215","81,041",,2,그대들은 어떻게 살 것인가,2023-10-25,"10,325,060,680",15.30%,"10,325,060,680","1,063,664","1,063,664","1,733","47,081"
3,정직한 후보2,2022-09-28,"6,526,959,136",10.60%,"8,394,728,866","689,967","892,173","1,270","58,430",,3,천박사 퇴마 연구소: 설경의 비밀,2023-09-27,"9,567,420,683",14.20%,"18,616,278,692","969,779","1,914,020","1,511","69,757"
4,극장판 짱구는 못말려: 수수께끼! 꽃피는 천하떡잎학교,2022-09-28,"6,701,298,057",10.90%,"7,031,830,403","667,761","701,681",873,"29,566",,4,1947 보스톤,2023-09-27,"4,805,311,432",7.10%,"9,207,227,580","529,880","991,277","1,282","41,639"
5,블랙 아담,2022-10-19,"6,847,595,405",11.10%,"6,847,595,405","662,085","662,085","1,524","58,620",,5,크리에이터,2023-10-03,"2,701,136,233",4.00%,"2,765,702,233","255,753","261,773",878,"25,103"
6,자백,2022-10-26,"2,784,303,106",4.50%,"2,784,303,106","284,521","284,521","1,115","27,384",,6,화란,2023-10-11,"2,457,632,608",3.60%,"2,467,745,208","255,023","255,986",976,"34,511"
7,리멤버,2022-10-26,"2,489,843,570",4.00%,"2,489,843,570","257,970","257,970","1,189","25,860",,7,더 넌 2,2023-09-27,"2,211,860,373",3.30%,"3,751,063,473","208,489","360,342",713,"13,305"
8,극장판 헬로카봇: 수상한 마술단의 비밀,2022-09-28,"1,961,341,966",3.20%,"2,119,507,318","208,896","226,014",790,"10,723",,8,용감한 시민,2023-10-25,"1,856,148,829",2.80%,"1,856,148,829","202,133","202,133",887,"20,442"
9,에브리씽 에브리웨어 올 앳 원스,2022-10-12,"1,971,964,128",3.20%,"1,978,390,128","183,778","184,156",620,"16,868",,9,퍼피 구조대: 더 마이티 무비,2023-10-06,"1,348,018,721",2.00%,"1,378,431,061","146,214","149,242",566,"8,157"
10,오펀: 천사의 탄생,2022-10-12,"1,757,372,606",2.90%,"1,758,866,606","172,893","173,059",707,"19,424",,10,플라워 킬링 문,2023-10-19,"1,268,103,745",1.90%,"1,268,103,745","134,466","134,466",719,"10,752"
합계,,,"50,611,098,834",82.20%,"114,159,674,497","5,173,626","11,407,787","10,540","401,054",,합계,,,"54,847,689,159","81,40%","70,119,808,121","5,627,066","7,213,024","10,491","375,181"
,,,,,,,,,,,,,,,,,,,,
2022/11,영화명,개봉,매출액,매출액점유율,누적매출액,관객수,누적관객수,스크린수,상영횟수,,2023/11,영화명,개봉,매출액,매출액점유율,누적매출액,관객수,누적관객수,스크린수,상영횟수
1,블랙 팬서: 와칸다 포에버,2022-11-09,"21,481,116,293",33.90%,"21,481,116,293","2,032,199","2,032,199","2,571","115,485",,1,서울의 봄,2023-11-22,"27,670,035,459",37.80%,"27,670,035,459","2,952,900","2,952,900","2,328","77,291"
2,올빼미,2022-11-23,"10,890,883,854",17.20%,"10,890,883,854","1,127,316","1,127,316","1,541","48,503",,2,그대들은 어떻게 살 것인가,2023-10-25,"8,858,746,363",12.10%,"19,183,807,043","903,085","1,966,749","1,343","69,594"
3,데시벨,2022-11-16,"8,175,521,600",12.90%,"8,175,521,600","827,861","827,861","1,152","48,751",,3,더 마블스,2023-11-08,"6,807,601,786",9.30%,"6,807,601,786","686,976","686,976","1,532","66,622"
4,동감,2022-11-16,"4,509,868,756",7.10%,"4,511,597,756","461,890","462,137","1,013","35,692",,4,프레디의 피자가게,2023-11-15,"5,706,230,228",7.80%,"5,706,230,228","587,136","587,136","1,041","28,886"
5,자백,2022-10-26,"4,548,418,224",7.20%,"7,332,721,330","450,883","735,404","1,103","51,022",,5,소년들,2023-11-01,"4,297,375,469",5.90%,"4,464,069,469","452,168","470,735","1,042","43,210"
6,에브리씽 에브리웨어 올 앳 원스,2022-10-12,"1,710,713,343",2.70%,"3,689,103,471","161,670","345,826",421,"11,902",,6,30일,2023-10-03,"2,761,079,249",3.80%,"21,245,125,869","283,824","2,163,945",708,"25,857"
7,리멤버,2022-10-26,"1,465,678,147",2.30%,"3,955,521,717","152,206","410,176","1,064","26,013",,7,톡 투 미,2023-11-01,"1,740,472,720",2.40%,"1,754,768,720","184,095","185,785",604,"17,661"
8,극장판 짱구는 못말려: 수수께끼! 꽃피는 천하떡잎학교,2022-09-28,"1,267,262,793",2.00%,"8,299,093,196","126,630","828,311",581,"9,894",,8,헝거게임: 노래하는 새와 뱀의 발라드,2023-11-15,"1,737,857,269",2.40%,"1,737,857,269","177,597","177,597",986,"19,339"
9,블랙 아담,2022-10-19,"1,193,128,203",1.90%,"8,040,723,608","117,400","779,485",777,"18,496",,9,싱글 인 서울,2023-11-29,"864,469,381",1.20%,"864,469,381","101,741","101,741",917,"6,633"
10,압꾸정,2022-11-30,"801,713,112",1.30%,"801,713,112","99,455","99,455","1,229","5,108",,10,뉴 노멀,2023-11-08,"970,111,123",1.30%,"984,121,123","101,047","102,448",546,"10,861"
합계,,,"56,044,304,325",88.50%,"77,177,995,937","5,557,510","7,648,170","11,452","370,866",,합계,,,"61,413,979,047",84.00%,"90,418,086,347","6,430,569","9,396,012","11,047","365,954"
,,,,,,,,,,,,,,,,,,,,
2022/12,영화명,개봉,매출액,매출액점유율,누적매출액,관객수,누적관객수,스크린수,상영횟수,,2023/12,영화명,개봉,매출액,매출액점유율,누적매출액,관객수,누적관객수,스크린수,상영횟수
1,아바타: 물의 길,2022-12-14,"90,296,839,202",57.30%,"90,296,839,202","7,313,149","7,313,149","2,809","152,626",,1,서울의 봄,2023-11-22,"87,680,455,951",53.40%,"115,350,491,410","8,901,879","11,854,779","2,463","215,008"
2,올빼미,2022-11-23,"20,878,183,696",13.20%,"31,769,067,550","2,095,451","3,222,767","1,479","93,627",,2,노량: 죽음의 바다,2023-12-20,"34,032,608,940",20.70%,"34,032,608,940","3,438,133","3,438,133","2,196","81,643"
3,영웅,2022-12-21,"14,534,225,323",9.20%,"14,534,225,323","1,487,679","1,487,679","1,314","45,482",,3,아쿠아맨과 로스트 킹덤,2023-12-20,"7,459,599,772",4.50%,"7,459,599,772","722,986","722,986",965,"25,387"
4,"오늘 밤, 세계에서 이 사랑이 사라진다 해도",2022-11-30,"6,659,982,285",4.20%,"6,750,156,802","651,838","662,397",439,"20,038",,4,신차원! 짱구는 못말려 더 무비 초능력 대결전 ~날아라 수제김밥~,2023-12-22,"5,506,327,689",3.40%,"5,506,327,689","568,269","568,269",883,"15,379"
5,압꾸정,2022-11-30,"4,921,038,549",3.10%,"5,722,751,661","508,742","608,197","1,172","42,300",,5,3일의 휴가,2023-12-06,"4,808,376,689",2.90%,"4,835,070,689","511,659","514,541",863,"31,537"
6,신비아파트 극장판 차원도깨비와 7개의 세계,2022-12-14,"3,417,319,076",2.20%,"3,417,319,076","356,783","356,783",686,"12,996",,6,트롤: 밴드 투게더,2023-12-20,"3,109,643,201",1.90%,"3,109,643,201","336,939","336,939",845,"10,585"
7,탄생,2022-11-30,"2,777,964,964",1.80%,"3,027,962,441","304,243","335,938",690,"18,731",,7,괴물,2023-11-29,"3,244,538,892",2.00%,"3,791,952,275","324,524","387,427",619,"17,499"
8,극장판 뽀로로와 친구들: 바이러스를 없애줘!,2022-12-01,"1,736,099,400",1.10%,"1,740,432,400","192,725","193,344",380,"8,603",,8,뽀로로 극장판 슈퍼스타 대모험,2023-12-13,"2,929,207,296",1.80%,"2,933,239,296","320,614","321,190",850,"13,573"
9,젠틀맨,2022-12-28,"1,421,084,655",0.90%,"1,421,084,655","152,558","152,558",751,"9,229",,9,싱글 인 서울,2023-11-29,"2,874,163,647",1.70%,"3,738,633,028","297,834","399,575",886,"25,890"
10,원피스 필름 레드,2022-11-30,"1,632,112,148",1.00%,"2,060,258,368","149,791","192,703",550,"12,796",,10,나폴레옹,2023-12-06,"2,231,365,950",1.40%,"2,241,973,950","224,748","225,372",822,"17,909"
합계,,,"148,274,849,298",94.00%,"160,740,097,478","13,212,959","14,525,515","10,270","416,428",,합계,,,"153,876,288,027",93.70%,"182,999,540,250","15,647,585","18,769,211","11,392","454,410"
,,,,,,,,,,,,,,,,,,,,
2024/01,영화명,개봉,매출액,매출액점유율,누적매출액,관객수,누적관객수,스크린수,상영횟수,,2025/01,영화명,개봉,매출액,매출액점유율,누적매출액,관객수,누적관객수,스크린수,상영횟수
1,위시,2024-01-03,"12,946,267,193",17.30%,"12,956,605,193","1,356,390","1,357,472","1,421","83,743",,1,하얼빈,2024-12-24,"19,891,094,780",23.30%,"46,140,123,100","2,068,563","4,823,799","1,425","116,074"
2,외계+인 2부,2024-01-10,"13,016,779,919",17.40%,"13,016,779,919","1,349,620","1,349,620","1,390","89,503",,2,히트맨2,2025-01-22,"15,576,824,740",18.30%,"15,576,824,740","1,654,428","1,654,428","1,588","51,754"
3,서울의 봄,2023-11-22,"11,970,794,644",16.00%,"127,321,286,054","1,206,194","13,060,973","1,614","75,922",,3,검은 수녀들,2025-01-24,"12,271,344,520",14.40%,"12,271,344,520","1,267,797","1,267,797","1,662","47,087"
4,노량: 죽음의 바다,2023-12-20,"10,854,904,560",14.50%,"44,887,513,500","1,122,234","4,560,367","1,706","72,225",,4,소방관,2024-12-04,"5,084,748,380",6.00%,"36,246,123,670","533,707","3,851,003",884,"42,465"
5,시민덕희,2024-01-24,"6,117,073,296",8.20%,"6,117,073,296","662,483","662,483","1,272","37,916",,5,뽀로로 극장판 바닷속 대모험,2025-01-01,"2,926,095,680",3.40%,"3,242,433,070","342,639","376,594",791,"21,977"
6,신차원! 짱구는 못말려 더 무비 초능력 대결전 ~날아라 수제김밥~,2023-12-22,"3,324,459,712",4.50%,"8,830,787,401","344,604","912,873",834,"21,866",,6,수퍼 소닉3,2025-01-01,"3,034,503,010",3.60%,"3,242,995,690","332,198","353,655",882,"23,257"
7,인투 더 월드,2024-01-10,"2,833,041,955",3.80%,"2,886,611,955","310,382","316,197",839,"24,674",,7,보고타: 마지막 기회의 땅,2024-12-31,"2,994,218,870",3.50%,"3,899,557,760","321,425","422,366",979,"28,953"
8,웡카,2024-01-31,"1,509,371,945",2.00%,"1,509,371,945","181,301","181,301","1,717","7,412",,8,말할 수 없는 비밀,2025-01-27,"2,218,501,920",2.60%,"2,218,501,920","235,293","235,293",864,"12,957"
9,아쿠아맨과 로스트 킹덤,2023-12-20,"1,529,816,884",2.00%,"8,989,416,656","154,948","877,934",832,"11,326",,9,극장판 짱구는 못말려: 우리들의 공룡일기,2024-12-18,"1,982,489,760",2.30%,"7,328,907,140","211,361","779,086",562,"15,760"
10,괴물,2023-11-29,"1,070,835,292",1.40%,"4,862,787,567","106,484","493,911",205,"6,979",,10,서브스턴스,2024-12-11,"1,919,029,100",2.20%,"3,439,526,700","197,098","353,312",344,"9,687"
합계,,,"65,173,345,400",87.10%,"231,378,233,486","6,794,640","23,773,131","11,830","431,566",,합계,,,"67,898,850,760",79.60%,"133,606,338,310","7,164,509","14,117,333","9,981","369,971"
,,,,,,,,,,,,,,,,,,,,
2024/02,영화명,개봉,매출액,매출액점유율,누적매출액,관객수,누적관객수,스크린수,상영횟수,,2025/02,영화명,개봉,매출액,매출액점유율,누적매출액,관객수,누적관객수,스크린수,상영횟수
1,파묘,2024-02-22,"35,074,653,666",31.70%,"35,074,653,666","3,697,234","3,697,234","2,355","66,290",,1,캡틴 아메리카: 브레이브 뉴 월드,2025-02-12,"14,554,372,506",27.40%,"14,554,372,506","1,464,276","1,464,276","1,901","103,015"
2,웡카,2024-01-31,"28,559,191,141",25.80%,"30,068,563,086","2,943,396","3,124,697","1,753","124,701",,2,히트맨2,2025-01-22,"8,360,342,240",15.70%,"23,937,166,980","887,949","2,542,377","1,495","66,343"
3,시민덕희,2024-01-24,"9,958,903,001",9.00%,"16,075,976,297","1,038,452","1,700,935","1,281","58,090",,3,말할 수 없는 비밀,2025-01-27,"5,534,030,180",10.40%,"7,752,532,100","577,640","812,933",986,"49,827"
4,건국전쟁,2024-02-01,"9,619,732,158",8.70%,"9,637,314,158","1,031,011","1,032,762",956,"40,252",,4,검은 수녀들,2025-01-24,"3,838,046,760",7.20%,"16,109,391,280","398,774","1,666,571","1,192","37,147"
5,"귀멸의 칼날: 인연의 기적, 그리고 합동 강화 훈련으로",2024-02-14,"4,901,269,600",4.40%,"4,901,269,600","426,871","426,871",393,"20,640",,5,미키 17,2025-02-28,"2,547,448,920",4.80%,"2,547,448,920","254,393","254,393","2,151","8,794"
6,도그데이즈,2024-02-07,"3,467,851,608",3.10%,"3,564,169,608","356,139","366,841",847,"27,473",,6,퇴마록,2025-02-21,"1,927,104,720",3.60%,"1,927,104,720","203,038","203,038",841,"18,095"
7,소풍,2024-02-07,"2,801,447,020",2.50%,"2,816,606,020","312,731","314,378",729,"22,312",,7,브로큰,2025-02-05,"1,814,276,200",3.40%,"1,824,320,200","195,809","196,925",818,"21,335"
8,듄: 파트2,2024-02-28,"2,798,968,113",2.50%,"2,798,968,113","268,505","268,505","1,544","9,794",,8,서브스턴스,2024-12-11,"1,688,426,420",3.20%,"5,127,953,120","173,541","526,853",327,"11,165"
9,데드맨,2024-02-07,"2,257,288,704",2.00%,"2,272,210,704","236,624","238,198",800,"19,478",,9,"그 시절, 우리가 좋아했던 소녀",2025-02-21,"1,035,962,600",2.00%,"1,035,962,600","117,419","117,419",709,"13,652"
10,아가일,2024-02-07,"1,421,458,457",1.30%,"1,441,885,457","138,833","140,464",841,"15,913",,10,하얼빈,2024-12-24,"791,931,880",1.50%,"46,932,054,980","84,622","4,908,421",711,"9,440"
합계,,,"100,860,763,468",91.00%,"108,651,616,709","10,449,796","11,310,885","11,499","404,943",,합계,,,"42,091,942,426",79.20%,"121,748,307,406","4,357,461","12,693,206","11,131","338,813"
,,,,,,,,,,,,,,,,,,,,
2024/03,영화명,개봉,매출액,매출액점유율,누적매출액,관객수,누적관객수,스크린수,상영횟수,,2025/03,영화명,개봉,매출액,매출액점유율,누적매출액,관객수,누적관객수,스크린수,상영횟수
1,파묘,2024-02-22,"70,718,670,542",60.70%,"105,793,324,208","7,260,057","10,957,291","2,367","218,130",,1,미키 17,2025-02-28,"26,703,536,310",43.10%,"29,250,985,230","2,712,431","2,966,824","2,153","141,207"
2,듄: 파트2,2024-02-28,"19,142,164,349",16.40%,"21,941,132,462","1,617,518","1,886,023","1,190","65,973",,2,승부,2025-03-26,"7,127,412,880",11.50%,"7,127,412,880","769,237","769,237","1,773","42,711"
3,댓글부대,2024-03-27,"5,042,262,113",4.30%,"5,042,262,113","541,047","541,047","1,228","24,274",,3,극장판 진격의 거인 완결편 더 라스트 어택,2025-03-13,"5,461,684,260",8.80%,"5,461,684,260","550,906","550,906",424,"18,954"
4,웡카,2024-01-31,"3,838,072,524",3.30%,"33,906,635,610","401,512","3,526,209",695,"19,507",,4,퇴마록,2025-02-21,"2,736,497,180",4.40%,"4,663,601,900","288,325","491,363",935,"28,656"
5,고질라 X 콩: 뉴 엠파이어,2024-03-27,"3,221,961,514",2.80%,"3,221,961,514","321,128","321,128",995,"16,323",,5,콘클라베,2025-03-05,"2,186,519,100",3.50%,"2,221,690,500","230,536","234,152",630,"20,735"
6,극장판 스파이 패밀리 코드 : 화이트,2024-03-20,"2,343,723,486",2.00%,"2,343,723,486","235,008","235,008",917,"21,090",,6,캡틴 아메리카: 브레이브 뉴 월드,2025-02-12,"1,815,878,780",2.90%,"16,370,251,286","189,610","1,653,886",732,"16,949"
7,브레드이발소: 셀럽 인 베이커리타운,2024-03-01,"1,474,276,210",1.30%,"1,648,494,100","173,713","192,595",342,"6,540",,7,백설공주,2025-03-19,"1,646,347,690",2.70%,"1,646,347,690","174,435","174,435","1,043","21,793"
8,가여운 것들,2024-03-06,"1,421,882,806",1.20%,"1,465,779,256","142,488","146,666",471,"11,219",,8,플로우,2025-03-19,"1,033,872,460",1.70%,"1,072,753,860","108,474","112,465",693,"9,905"
9,건국전쟁,2024-02-01,"1,250,960,217",1.10%,"10,888,274,375","138,922","1,171,684",453,"8,728",,9,스트리밍,2025-03-21,"997,131,820",1.60%,"997,131,820","103,077","103,077",819,"14,287"
10,패스트 라이브즈,2024-03-06,"1,068,021,931",0.90%,"1,094,523,931","115,193","118,077",613,"13,964",,10,침범,2025-03-12,"774,119,300",1.20%,"774,119,300","86,142","86,142",540,"10,631"
합계,,,"109,521,995,692",94.00%,"187,346,111,055","10,946,586","19,095,728","9,271","405,748",,합계,,,"50,482,942,426",81.40%,"69,585,978,726","5,213,173","7,142,487","9,742","325,828"
,,,,,,,,,,,,,,,,,,,,
2024/04,영화명,개봉,매출액,매출액점유율,누적매출액,관객수,누적관객수,스크린수,상영횟수,,2025/04,영화명,개봉,매출액,매출액점유율,누적매출액,관객수,누적관객수,스크린수,상영횟수
1,범죄도시4,2024-04-24,"47,568,478,254",52.90%,"47,568,478,254","5,005,372","5,005,372","2,980","112,858",,1,야당,2025-04-16,"17,335,200,590",33.90%,"17,338,269,590","1,841,518","1,841,797","1,850","100,486"
2,쿵푸팬더4,2024-04-10,"13,113,276,904",14.60%,"13,124,943,904","1,403,363","1,404,570","2,311","90,797",,2,승부,2025-03-26,"12,678,579,880",24.80%,"19,805,992,760","1,350,527","2,119,764","1,548","105,224"
3,파묘,2024-02-22,"8,837,982,638",9.80%,"114,631,306,846","902,841","11,860,132","1,280","76,395",,3,A MINECRAFT MOVIE 마인크래프트 무비,2025-04-26,"4,019,940,940",7.90%,"4,019,940,940","423,665","423,665","1,450","19,653"
4,댓글부대,2024-03-27,"4,185,464,098",4.70%,"9,227,726,211","430,033","971,080","1,059","43,303",,4,로비,2025-04-02,"2,413,028,740",4.70%,"2,456,403,340","255,534","260,151","1,013","32,929"
5,남은 인생 10년,2023-05-24,"2,862,042,165",3.20%,"4,330,960,765","287,554","425,186",529,"18,821",,5,극장판 진격의 거인 완결편 더 라스트 어택,2025-03-13,"2,635,164,810",5.20%,"8,096,849,070","250,600","801,506",298,"16,007"
6,고질라 X 콩: 뉴 엠파이어,2024-03-27,"1,873,675,311",2.10%,"5,095,636,825","187,566","508,694",813,"21,382",,6,거룩한 밤: 데몬 헌터스,2025-04-30,"972,901,300",1.90%,"972,901,300","121,319","121,319",932,"3,791"
7,오멘: 저주의 시작,2024-04-03,"1,844,688,704",2.10%,"1,846,911,704","179,279","179,526",644,"16,440",,7,썬더볼츠＊,2025-04-30,"915,362,610",1.80%,"915,362,610","101,423","101,423","1,274","4,651"
8,듄: 파트2,2024-02-28,"1,419,809,499",1.60%,"23,360,941,961","108,156","1,994,179",456,"6,800",,8,아마추어,2025-04-09,"903,141,350",1.80%,"903,141,350","96,167","96,167",728,"15,442"
9,비키퍼,2024-04-03,"945,286,905",1.10%,"962,290,905","101,325","102,969",713,"13,012",,9,콘클라베,2025-03-05,"653,802,820",1.30%,"2,875,493,320","68,325","302,477",314,"6,741"
10,유미의 세포들 더 무비,2024-04-03,"585,255,900",0.70%,"605,332,900","72,888","75,623",441,"10,587",,10,플로우,2025-03-19,"595,837,800",1.20%,"1,668,591,660","61,908","174,373",467,"6,726"
합계,,,"83,235,960,378",92.80%,"220,754,530,275","8,678,377","22,527,331","11,266","410,395",,합계,,,"43,122,960,840",84.50%,"59,052,945,940","4,570,986","6,242,642","9,874","311,650"
,,,,,,,,,,,,,,,,,,,,
2024/05,영화명,개봉,매출액,매출액점유율,누적매출액,관객수,누적관객수,스크린수,상영횟수,,2025/05,영화명,개봉,매출액,매출액점유율,누적매출액,관객수,누적관객수,스크린수,상영횟수
1,범죄도시4,2024-04-24,"59,331,646,657",54.10%,"106,900,124,911","6,174,857","11,180,229","2,795","237,235",,1,미션 임파서블: 파이널 레코닝,2025-05-17,"23,065,412,310",28.00%,"23,065,412,310","2,334,727","2,334,727","2,385","94,508"
2,혹성탈출: 새로운 시대,2024-05-08,"8,983,534,876",8.20%,"8,983,534,876","887,475","887,475","1,184","51,514",,2,야당,2025-04-16,"14,530,617,340",17.60%,"31,868,886,930","1,522,463","3,364,260","1,441","81,704"
3,그녀가 죽었다,2024-05-15,"7,991,507,015",7.30%,"7,995,476,015","837,143","837,584","1,008","48,245",,3,A MINECRAFT MOVIE 마인크래프트 무비,2025-04-26,"8,637,220,530",10.50%,"12,657,161,470","925,266","1,348,931","1,415","35,778"
4,퓨리오사: 매드맥스 사가,2024-05-22,"8,434,367,880",7.70%,"8,434,367,880","812,352","812,352","1,442","44,871",,4,썬더볼츠＊,2025-04-30,"8,343,968,950",10.10%,"9,259,331,560","818,769","920,192","1,236","52,501"
5,극장판 하이큐!! 쓰레기장의 결전,2024-05-15,"5,529,154,607",5.00%,"5,529,154,607","536,130","536,130","1,212","32,913",,5,거룩한 밤: 데몬 헌터스,2025-04-30,"6,230,473,900",7.60%,"7,203,375,200","655,989","777,308","1,097","36,071"
6,쿵푸팬더4,2024-04-10,"3,403,331,100",3.10%,"16,528,275,004","366,242","1,770,812",971,"12,403",,6,파과,2025-04-30,"4,865,845,600",5.90%,"5,213,680,800","502,936","545,714",886,"34,538"
7,가필드 더 무비,2024-05-15,"2,367,956,684",2.20%,"2,367,956,684","260,691","260,691",873,"14,037",,7,릴로 & 스티치,2025-05-21,"2,627,821,210",3.20%,"2,627,821,210","277,961","277,961","1,034","19,149"
8,설계자,2024-05-29,"1,886,744,578",1.70%,"1,886,744,578","225,344","225,344","1,345","17,056",,8,하이파이브,2025-05-30,"2,233,877,430",2.70%,"2,233,877,430","236,989","236,989","1,147","7,863"
9,스턴트맨,2024-05-01,"1,877,020,062",1.70%,"2,179,817,062","181,091","214,196",801,"16,880",,9,소주전쟁,2025-05-30,"978,657,390",1.20%,"978,657,390","99,750","99,750","1,040","7,751"
10,"포켓몬스터: 성도지방 이야기, 최종장",2024-05-01,"1,382,606,357",1.30%,"1,384,366,357","156,983","157,143",710,"9,488",,10,해피엔드,2025-04-30,"916,531,750",1.10%,"1,004,241,050","93,605","102,973",180,"5,710"
합계,,,"101,187,869,816",92.30%,"162,189,817,974","10,438,308","16,881,956","12,341","484,642",,합계,,,"72,430,426,410",87.90%,"96,112,445,350","7,468,455","10,008,805","11,861","375,573"
,,,,,,,,,,,,,,,,,,,,
2024/06,영화명,개봉,매출액,매출액점유율,누적매출액,관객수,누적관객수,스크린수,상영횟수,,2025/06,영화명,개봉,매출액,매출액점유율,누적매출액,관객수,누적관객수,스크린수,상영횟수
1,인사이드 아웃 2,2024-06-12,"54,296,410,494",49.90%,"54,296,410,494","5,638,833","5,638,833","2,619","191,541",,1,하이파이브,2025-05-30,"14,925,913,580",20.20%,"17,159,791,010","1,612,363","1,849,352","1,343","89,153"
2,하이재킹,2024-06-21,"10,314,943,018",9.50%,"10,316,869,018","1,087,330","1,087,544","1,155","41,879",,2,드래곤 길들이기,2025-06-06,"15,566,398,960",21.10%,"15,611,823,960","1,544,510","1,547,247","1,650","78,571"
3,퓨리오사: 매드맥스 사가,2024-05-22,"7,986,194,948",7.30%,"16,420,562,828","786,121","1,598,473","1,360","48,082",,3,미션 임파서블: 파이널 레코닝,2025-05-17,"9,883,322,550",13.40%,"32,948,734,860","1,025,274","3,360,001","1,365","53,463"
4,원더랜드,2024-06-05,"5,857,952,571",5.40%,"5,898,947,571","618,867","623,338","1,165","43,764",,4,신명,2025-06-02,"7,042,863,160",9.50%,"7,179,717,660","739,317","752,149",785,"36,676"
5,핸섬가이즈,2024-06-26,"4,224,677,026",3.90%,"4,226,900,026","458,626","458,873",965,"18,195",,5,F1 더 무비,2025-06-25,"5,765,519,060",7.80%,"5,765,519,060","534,899","534,899","1,665","30,339"
6,그녀가 죽었다,2024-05-15,"3,768,944,742",3.50%,"11,764,420,757","394,106","1,231,690",900,"27,550",,6,엘리오,2025-06-18,"4,154,591,890",5.60%,"4,154,591,890","449,114","449,114","1,110","28,419"
7,콰이어트 플레이스: 첫째 날,2024-06-26,"3,468,856,592",3.20%,"3,468,856,592","358,339","358,339",942,"17,361",,7,28년 후,2025-06-19,"2,941,286,720",4.00%,"2,941,286,720","328,390","328,390",939,"24,805"
8,범죄도시4,2024-04-24,"3,116,477,486",2.90%,"110,016,602,397","318,721","11,498,950",897,"24,771",,8,노이즈,2025-06-25,"2,239,878,870",3.00%,"2,239,878,870","232,958","232,958",878,"10,208"
9,설계자,2024-05-29,"2,841,895,289",2.60%,"4,728,639,867","300,025","525,369","1,113","27,689",,9,릴로 & 스티치,2025-05-21,"1,920,886,100",2.60%,"4,548,707,310","204,553","482,514",888,"10,450"
10,극장판 하이큐!! 쓰레기장의 결전,2024-05-15,"1,666,253,727",1.50%,"7,195,408,334","162,821","698,951",516,"9,478",,10,소주전쟁,2025-05-30,"1,635,291,560",2.20%,"2,613,948,950","180,072","279,822",984,"19,350"
합계,,,"97,542,605,893",89.70%,"228,333,617,884","10,123,789","23,720,360","11,632","450,310",,합계,,,"66,075,952,450",89.40%,"95,164,000,290","6,851,450","9,816,446","11,607","381,434"
,,,,,,,,,,,,,,,,,,,,
2024/07,영화명,개봉,매출액,매출액점유율,누적매출액,관객수,누적관객수,스크린수,상영횟수,,2025/07,영화명,개봉,매출액,매출액점유율,누적매출액,관객수,누적관객수,스크린수,상영횟수
1,인사이드 아웃 2,2024-06-12,"26,472,253,172",23.00%,"80,768,663,666","2,767,299","8,406,132","1,664","120,555",,1,쥬라기 월드: 새로운 시작,2025-07-02,"20,937,626,270",18.20%,"20,946,164,270","2,197,638","2,198,208","1,645","86,452"
2,탈주,2024-07-03,"22,537,334,282",19.50%,"22,665,054,282","2,382,788","2,396,691","1,234","108,501",,2,F1 더 무비,2025-06-25,"23,127,274,590",20.10%,"28,892,793,650","2,177,434","2,712,333","1,382","69,260"
3,데드풀과 울버린,2024-07-24,"13,839,704,940",12.00%,"13,839,704,940","1,352,113","1,352,113","1,948","60,958",,3,노이즈,2025-06-25,"14,214,389,760",12.40%,"16,454,268,630","1,445,177","1,678,135","1,001","59,840"
4,핸섬가이즈,2024-06-26,"12,116,866,192",10.50%,"16,343,766,218","1,289,849","1,748,722","1,065","73,126",,4,킹 오브 킹스,2025-07-16,"8,237,623,176",7.20%,"8,257,773,176","875,009","876,942","1,191","33,337"
5,슈퍼배드 4,2024-07-24,"7,685,485,124",6.70%,"7,685,485,124","843,830","843,830","1,178","36,541",,5,전지적 독자 시점,2025-07-23,"8,356,995,660",7.30%,"8,356,995,660","857,453","857,453","1,581","37,964"
6,하이재킹,2024-06-21,"6,507,623,273",5.60%,"16,824,492,291","683,766","1,771,310",970,"44,711",,6,슈퍼맨,2025-07-09,"8,641,351,460",7.50%,"8,641,351,460","855,058","855,058","1,286","43,778"
7,탈출: 프로젝트 사일런스,2024-07-12,"6,654,592,123",5.80%,"6,654,592,123","682,730","682,730","1,078","42,509",,7,좀비딸,2025-07-30,"5,931,574,300",5.20%,"5,931,574,300","702,981","702,981","1,557","13,435"
8,명탐정 코난: 100만 달러의 펜타그램,2024-07-17,"5,932,215,793",5.10%,"5,932,215,793","608,173","608,173","1,089","33,055",,8,명탐정 코난: 척안의 잔상,2025-07-16,"5,928,860,580",5.20%,"5,928,860,580","606,511","606,511",901,"28,697"
9,파일럿,2024-07-31,"3,448,408,819",3.00%,"3,448,408,819","425,305","425,305","1,827","8,990",,9,판타스틱 4: 새로운 출발,2025-07-24,"5,095,481,540",4.40%,"5,095,481,540","473,311","473,311","1,027","24,413"
10,콰이어트 플레이스: 첫째 날,2024-06-26,"1,912,903,933",1.70%,"5,381,760,525","194,280","552,619",799,"16,542",,10,드래곤 길들이기,2025-06-06,"2,314,812,540",2.00%,"17,926,636,500","240,300","1,787,547",706,"14,439"
합계,,,"107,107,387,651",92.90%,"179,544,143,781","11,230,133","18,787,625","12,852","545,488",,합계,,,"102,785,989,876",89.50%,"126,431,899,766","10,430,872","12,748,479","12,277","411,615"
,,,,,,,,,,,,,,,,,,,,
2024/08,영화명,개봉,매출액,매출액점유율,누적매출액,관객수,누적관객수,스크린수,상영횟수,,2025/08,영화명,개봉,매출액,매출액점유율,누적매출액,관객수,누적관객수,스크린수,상영횟수
1,파일럿,2024-07-31,"37,622,232,042",32.20%,"41,070,640,861","4,032,634","4,457,939","1,956","169,009",,1,좀비딸,2025-07-30,"44,746,021,810",33.00%,"50,677,596,110","4,644,106","5,347,087","1,598","151,123"
2,에이리언: 로물루스,2024-08-14,"16,004,583,339",13.70%,"16,004,583,339","1,560,130","1,560,130","1,436","66,005",,2,극장판 귀멸의 칼날: 무한성편,2025-08-22,"34,047,376,980",25.10%,"34,047,376,980","3,153,741","3,153,741","2,298","74,827"
3,사랑의 하츄핑,2024-08-07,"7,549,787,272",6.50%,"7,679,896,522","838,138","849,826","1,159","37,437",,3,F1 더 무비,2025-06-25,"22,242,353,450",16.40%,"51,135,147,100","2,048,138","4,760,471",981,"66,530"
4,슈퍼배드 4,2024-07-24,"6,397,596,976",5.50%,"14,083,082,100","704,730","1,548,560","1,110","35,852",,4,킹 오브 킹스,2025-07-16,"3,969,127,900",2.90%,"12,226,901,076","419,093","1,296,035",814,"18,221"
5,행복의 나라,2024-08-14,"6,299,715,896",5.40%,"6,302,599,896","681,438","681,731","1,096","42,676",,5,악마가 이사왔다,2025-08-13,"3,963,230,310",2.90%,"3,963,230,310","417,227","417,227",974,"30,705"
6,데드풀과 울버린,2024-07-24,"6,555,574,556",5.60%,"20,395,279,496","616,479","1,968,592","1,033","33,837",,6,발레리나,2025-08-06,"3,161,313,170",2.30%,"3,195,025,170","317,279","320,962",757,"21,271"
7,트위스터스,2024-08-14,"5,507,377,098",4.70%,"5,507,477,098","531,735","531,745",874,"26,532",,7,배드 가이즈 2,2025-07-30,"2,810,080,200",2.10%,"3,563,852,930","309,013","394,762",769,"16,612"
8,인사이드 아웃 2,2024-06-12,"3,595,758,622",3.10%,"84,364,422,288","376,993","8,783,125",779,"18,372",,8,긴키 지방의 어느 장소에 대하여,2025-08-13,"2,557,863,590",1.90%,"2,557,863,590","250,554","250,554",438,"10,334"
9,빅토리,2024-08-14,"3,301,092,922",2.80%,"3,303,315,922","362,635","362,882",789,"26,269",,9,전지적 독자 시점,2025-07-23,"1,691,295,600",1.20%,"10,048,291,260","203,184","1,060,637",791,"14,024"
10,늘봄가든,2024-08-21,"2,909,405,103",2.50%,"2,909,405,103","304,231","304,231",875,"17,291",,10,스머프,2025-08-06,"1,643,151,840",1.20%,"1,646,621,840","185,894","186,276",639,"11,249"
합계,,,"95.743,123,826",82.00%,"201,620,702,625","10,009,143","21,048,761","11,107","473,280",,합계,,,"120,831,814,850",89.00%,"173,061,906,366","11,948,229","17,187,752","10,059","414,896"
,,,,,,,,,,,,,,,,,,,,
2024/09,영화명,개봉,매출액,매출액점유율,누적매출액,관객수,누적관객수,스크린수,상영횟수,,2025/09,영화명,개봉,매출액,매출액점유율,누적매출액,관객수,누적관객수,스크린수,상영횟수
1,베테랑2,2024-09-13,"62,497,677,496",62.40%,"62,497,677,496","6,489,383","6,489,383","2,691","200,561",,1,극장판 귀멸의 칼날: 무한성편,2025-08-22,"20,492,337,640",26.30%,"54,539,714,620","1,872,952","5,026,693","1,761","97,947"
2,에이리언: 로물루스,2024-08-14,"4,400,663,791",4.40%,"20,405,247,130","438,500","1,998,630","1,009","41,535",,2,어쩔수가없다,2025-09-24,"12,035,224,470",15.50%,"12,036,120,470","1,234,155","1,234,219","2,114","47,087"
3,사랑의 하츄핑,2024-08-07,"2,596,577,910",2.60%,"10,276,474,432","297,701","1,147,527",690,"14,411",,3,얼굴,2025-09-11,"9,599,379,010",12.30%,"9,599,379,010","932,554","932,554","1,114","53,481"
4,"안녕, 할부지",2024-09-04,"2,281,541,639",2.30%,"2,317,495,639","246,581","250,528","1,021","28,065",,4,극장판 체인소 맨: 레제편,2025-09-24,"6,128,083,630",7.90%,"6,128,083,630","579,379","579,379","1,064","21,662"
5,파일럿,2024-07-31,"2,020,981,840",2.00%,"43,091,622,701","244,276","4,702,215",840,"25,057",,5,컨저링: 마지막 의식,2025-09-03,"4,419,603,290",5.70%,"4,423,140,290","419,159","419,504",918,"27,095"
6,룩백,2024-09-05,"2,197,706,958",2.20%,"2,238,788,594","230,015","233,792",247,"16,596",,6,F1 더 무비,2025-06-25,"3,314,648,470",4.30%,"54,449,795,570","388,931","5,149,402",730,"27,081"
7,트랜스포머 ONE,2024-09-25,"2,020,916,085",2.00%,"2,023,891,085","212,168","212,495","1,060","20,899",,7,살인자 리포트,2025-09-05,"3,641,731,860",4.70%,"3,649,813,860","364,701","365,599",841,"29,993"
8,브레드이발소: 빵스타의 탄생,2024-09-14,"1,835,213,400",1.80%,"1,839,539,400","210,291","210,909",427,"9,687",,8,좀비딸,2025-07-30,"2,353,209,180",3.00%,"53,030,805,290","278,658","5,625,745",762,"23,891"
9,임영웅│아임 히어로 더 스타디움,2024-08-28,"4,860,644,000",4.90%,"8,703,911,500","174,326","308,167",214,"10,439",,9,모노노케 히메,2003-04-25,"2,077,797,070",2.70%,"2,082,795,070","169,706","170,301",589,"9,728"
10,비긴 어게인,2014-08-13,"1,435,354,050",1.40%,"1,435,354,050","152,598","152,598",475,"9,588",,10,홈캠,2025-09-10,"904,997,700",1.20%,"912,338,700","95,930","96,895",280,"7,947"
합계,,,"86,147,277,169",86.00%,"154,830,002,027","8,695,839","15,706,224","8,674","376,838",,합계,,,"64,967,012,320",83.60%,"200,851,986,510","6,336,125","19,600,291","10,173","345,912"
,,,,,,,,,,,,,,,,,,,,
2024/10,영화명,개봉,매출액,매출액점유율,누적매출액,관객수,누적관객수,스크린수,상영횟수,,,,,,,,,,,
1,베테랑2,2024-09-13,"9,870,120,218",16.10%,"72,367,797,714","1,024,813","7,514,196","1,317","77,127",,,,,,,,,,,
2,베놈: 라스트 댄스,2024-10-23,"9,847,662,388",16.00%,"9,847,662,388","1,005,411","1,005,411","1,663","59,063",,,,,,,,,,,
3,대도시의 사랑법,2024-10-01,"7,297,350,650",11.90%,"7,385,538,550","774,053","783,106","1,101","65,414",,,,,,,,,,,
4,조커: 폴리 아 되,2024-10-01,"6,366,573,920",10.40%,"6,377,181,920","611,371","611,995","1,385","45,742",,,,,,,,,,,
5,와일드 로봇,2024-10-01,"5,391,693,670",8.80%,"5,502,661,670","595,334","606,448","1,062","42,261",,,,,,,,,,,
6,보통의 가족,2024-10-16,"5,094,237,020",8.30%,"5,098,206,020","547,698","548,139","1,277","48,762",,,,,,,,,,,
7,아마존 활명수,2024-10-30,"1,264,402,550",2.10%,"1,264,402,550","156,191","156,191","1,479","11,891",,,,,,,,,,,
8,노트북,2004-11-26,"1,503,168,290",2.40%,"6,139,386,490","154,395","805,807",561,"11,733",,,,,,,,,,,
9,트랜스포머 ONE,2024-09-25,"1,345,290,870",2.20%,"3,369,181,955","148,315","360,810",699,"12,948",,,,,,,,,,,
10,더러운 돈에 손대지 마라,2024-10-17,"803,575,380",1.30%,"805,501,380","86,744","86,958",796,"13,777",,,,,,,,,,,
합계,,,"48,784,074,956",79.50%,"118,157,520,637","5,104,325","12,479,061","11,340","388,718",,,,,,,,,,,
,,,,,,,,,,,,,,,,,,,,
2024/11,영화명,개봉,매출액,매출액점유율,누적매출액,관객수,누적관객수,스크린수,상영횟수,,,,,,,,,,,
1,위키드,2024-11-20,"10,592,078,200",16.00%,"10,592,078,200","1,071,533","1,071,533","1,803","50,949",,,,,,,,,,,
2,모아나 2,2024-11-27,"8,390,353,250",12.70%,"8,390,353,250","931,286","931,286","1,974","30,841",,,,,,,,,,,
3,글래디에이터 Ⅱ,2024-11-13,"8,219,618,370",12.40%,"8,221,729,370","841,741","841,964","1,769","57,272",,,,,,,,,,,
4,청설,2024-11-06,"7,139,987,740",10.80%,"7,154,611,740","763,788","765,212","1,060","59,671",,,,,,,,,,,
5,베놈: 라스트 댄스,2024-10-23,"7,350,822,100",11.10%,"17,198,484,488","752,212","1,757,623","1,326","59,389",,,,,,,,,,,
6,히든페이스,2024-11-20,"6,116,519,160",9.20%,"6,116,519,160","653,363","653,363","1,072","30,655",,,,,,,,,,,
7,아마존 활명수,2024-10-30,"4,106,732,230",6.20%,"5,371,134,780","447,950","604,141","1,411","44,930",,,,,,,,,,,
8,사흘,2024-11-14,"1,871,732,240",2.80%,"1,871,732,240","199,644","199,644",836,"19,073",,,,,,,,,,,
9,보통의 가족,2024-10-16,"938,793,050",1.40%,"6,036,999,070","101,091","649,230",661,"11,632",,,,,,,,,,,
10,대도시의 사랑법,2024-10-01,"910,438,760",1.40%,"8,295,977,310","95,142","878,248",551,"10,148",,,,,,,,,,,
합계,,,"55,637,075,100",84.00%,"79,249,619,608","5,857,750","8,352,244","12,463","374,560",,,,,,,,,,,
,,,,,,,,,,,,,,,,,,,,
2024/12,영화명,개봉,매출액,매출액점유율,누적매출액,관객수,누적관객수,스크린수,상영횟수,,,,,,,,,,,
1,소방관,2024-12-04,"31,098,404,290",25.00%,"31,161,375,290","3,310,323","3,317,296","1,594","119,743",,,,,,,,,,,
2,하얼빈,2024-12-24,"26,249,028,320",21.10%,"26,249,028,320","2,755,236","2,755,236","2,125","72,494",,,,,,,,,,,
3,모아나 2,2024-11-27,"22,727,697,820",18.30%,"31,118,051,070","2,441,529","3,372,815","1,985","95,741",,,,,,,,,,,
4,위키드,2024-11-20,"9,685,624,650",7.80%,"20,277,702,850","987,630","2,059,163","1,151","44,301",,,,,,,,,,,
5,무파사: 라이온 킹,2024-12-18,"6,543,943,550",5.30%,"6,543,943,550","656,645","656,645","1,243","33,414",,,,,,,,,,,
6,극장판 짱구는 못말려: 우리들의 공룡일기,2024-12-18,"5,346,417,380",4.30%,"5,346,417,380","567,725","567,725",880,"22,814",,,,,,,,,,,
7,히든페이스,2024-11-20,"3,475,355,980",2.80%,"9,591,875,140","358,651","1,012,014",890,"27,177",,,,,,,,,,,
8,1승,2024-12-04,"2,669,515,130",2.10%,"2,813,553,530","307,290","322,017",995,"25,150",,,,,,,,,,,
9,대가족,2024-12-11,"2,689,332,800",2.20%,"2,796,081,600","303,326","316,473",939,"23,263",,,,,,,,,,,
10,서브스턴스,2024-12-11,"1,506,805,100",1.20%,"1,520,497,600","154,970","156,214",372,"7,685",,,,,,,,,,,
합계,,,"111,992,125,020",90.10%,"137,418,526,330","11,843,325","14,535,598","12,174","471,782",,,,,,,,,,,